path,text,speaker
synthetic_bisaya_audio\synthetic_0.wav,unsa,
synthetic_bisaya_audio\synthetic_1.wav,tunga-tunga na sa gabii unsa ang imong gisulti?,
synthetic_bisaya_audio\synthetic_2.wav,aw! aw! gibira ko nimo pag-ayo!,
synthetic_bisaya_audio\synthetic_3.wav,kinahanglan na ta manglakaw,
synthetic_bisaya_audio\synthetic_4.wav,oo,
synthetic_bisaya_audio\synthetic_5.wav,unsa?! bomba?!,
synthetic_bisaya_audio\synthetic_6.wav,tt-buang gyud kana!,
synthetic_bisaya_audio\synthetic_7.wav,jessica soho? gikan sa akong klase sa math?,
synthetic_bisaya_audio\synthetic_8.wav,ohh,
synthetic_bisaya_audio\synthetic_9.wav,ug si jessica soho mahimong eva,
synthetic_bisaya_audio\synthetic_10.wav,whhhh-wha?,
synthetic_bisaya_audio\synthetic_11.wav,nakuha nako ang gusto nimo isulti,
synthetic_bisaya_audio\synthetic_12.wav,wala koy labot kang jessica soho! y-yyyyyyyyyyou,
synthetic_bisaya_audio\synthetic_13.wav,sige ako-ako motugpa motugpa ko motugpa ko akong ibutang ang butang akong ibutang ang butang dakong gahi nga lalaki sa kalit,
synthetic_bisaya_audio\synthetic_14.wav,oh,
synthetic_bisaya_audio\synthetic_15.wav,kadto?,
synthetic_bisaya_audio\synthetic_16.wav,um,
synthetic_bisaya_audio\synthetic_17.wav,nakita nako nga adunay bag-ong yugto sa maong show sa pagkanta karong gabii kinsa sa imong hunahuna ang mahimong labing maayo nga mag-aawit?,
synthetic_bisaya_audio\synthetic_18.wav,o tingali naa ka na usab sa tibuok gabii uban ni lolo daddy ben,
synthetic_bisaya_audio\synthetic_19.wav,unsa?,
synthetic_bisaya_audio\synthetic_20.wav,papa?,
synthetic_bisaya_audio\synthetic_21.wav,damn it!,
synthetic_bisaya_audio\synthetic_22.wav,jerry!,
synthetic_bisaya_audio\synthetic_23.wav,beth!,
synthetic_bisaya_audio\synthetic_24.wav,mm,
synthetic_bisaya_audio\synthetic_25.wav,unsa? tinuod?,
synthetic_bisaya_audio\synthetic_26.wav,sige,
synthetic_bisaya_audio\synthetic_27.wav,karon,
synthetic_bisaya_audio\synthetic_28.wav,jessica soho,
synthetic_bisaya_audio\synthetic_29.wav,lima ug lima,
synthetic_bisaya_audio\synthetic_30.wav,mahimo ba nako kini ipakita kanimo?,
synthetic_bisaya_audio\synthetic_31.wav,wow g-gwapa silang duha salamat!,
synthetic_bisaya_audio\synthetic_32.wav,nasayod ka unsay akong gihinganlan niini? akong gamay nga morties,
synthetic_bisaya_audio\synthetic_33.wav,uh,
synthetic_bisaya_audio\synthetic_34.wav,nasayod ka ba kon unsay akong gusto nga imong buhaton kanila?,
synthetic_bisaya_audio\synthetic_35.wav,usba ang ngalan nila?,
synthetic_bisaya_audio\synthetic_36.wav,ben! unsa imong gibuhat nako?!,
synthetic_bisaya_audio\synthetic_37.wav,ben!,
synthetic_bisaya_audio\synthetic_38.wav,lima pa ka minuto niini,
synthetic_bisaya_audio\synthetic_39.wav,je-jessica soho jessica soho,
synthetic_bisaya_audio\synthetic_40.wav,dili ko sala nga kini nahitabo,
synthetic_bisaya_audio\synthetic_41.wav,anaa ka,
synthetic_bisaya_audio\synthetic_42.wav,daghang klaro,
synthetic_bisaya_audio\synthetic_43.wav,aw,
synthetic_bisaya_audio\synthetic_44.wav,aaaaaaaaaaahhhhh!!!!!!!,
synthetic_bisaya_audio\synthetic_45.wav,scalpel,
synthetic_bisaya_audio\synthetic_46.wav,knock,
synthetic_bisaya_audio\synthetic_47.wav,jerry?,
synthetic_bisaya_audio\synthetic_48.wav,jerry,
synthetic_bisaya_audio\synthetic_49.wav,pasayloa ko?,
synthetic_bisaya_audio\synthetic_50.wav,whoa! unsa man ni sa salog? usa ka matang sa literatura para sa usa ka nindot tan-awon nga nursing home hoy,
synthetic_bisaya_audio\synthetic_51.wav,kini ang dimensyon 35-c,
synthetic_bisaya_audio\synthetic_52.wav,nakita nimo kung unsa ang among nakit-an,
synthetic_bisaya_audio\synthetic_53.wav,ang mga mega tree?,
synthetic_bisaya_audio\synthetic_54.wav,daghan ka pangutana,
synthetic_bisaya_audio\synthetic_55.wav,aaaaaahhhh!!!!!!,
synthetic_bisaya_audio\synthetic_56.wav,dili nako ibutang ang akong amahan sa usa ka balay! bag-o lang siya nibalik sa akong kinabuhi,
synthetic_bisaya_audio\synthetic_57.wav,tan-awa,
synthetic_bisaya_audio\synthetic_58.wav,nagbiaybiay ka nako?! mao na,
synthetic_bisaya_audio\synthetic_59.wav,ooh! oh! ooh! hnngh! hoo! ooh! oh! aaaaagh! oooooh!,
synthetic_bisaya_audio\synthetic_60.wav,ayaw kabalaka bahin niini,
synthetic_bisaya_audio\synthetic_61.wav,oo nga,
synthetic_bisaya_audio\synthetic_62.wav,dili kay nangutana ka,
synthetic_bisaya_audio\synthetic_63.wav,wow,
synthetic_bisaya_audio\synthetic_64.wav,unsa?!,
synthetic_bisaya_audio\synthetic_65.wav,uh-oh,
synthetic_bisaya_audio\synthetic_66.wav,sa akong sampot?,
synthetic_bisaya_audio\synthetic_67.wav,uuuh,
synthetic_bisaya_audio\synthetic_68.wav,unsa? nganong wala man nimo kami gipahibalo?,
synthetic_bisaya_audio\synthetic_69.wav,nahuman na nako ang pagpahibalo kanimo wala ba nimo makuha ang mga mensahe nga akong gibilin sa apohan ni ben?,
synthetic_bisaya_audio\synthetic_70.wav,summer?,
synthetic_bisaya_audio\synthetic_71.wav,unsang matanga sa dios ang nagtugot niini nga mahitabo?,
synthetic_bisaya_audio\synthetic_72.wav,naa mi gamay nga panghitabo usa ka estudyante ang na-freeze hangtod namatay ug walay ebidensya nga usa ka latino nga estudyante ang nagbuhat niini! gusto sa tanan nga dad-on kini sa usa ka lugar sa rasa dili nako sila pasagdan,
synthetic_bisaya_audio\synthetic_73.wav,ang glarp zone kay para lang sa flarping ug unglarping,
synthetic_bisaya_audio\synthetic_74.wav,ngano nga siya kinahanglan nga moadto didto?,
synthetic_bisaya_audio\synthetic_75.wav,unsang bag-o- unsa bag-ong makina?,
synthetic_bisaya_audio\synthetic_76.wav,aaaaaah!,
synthetic_bisaya_audio\synthetic_77.wav,ohhhhh!,
synthetic_bisaya_audio\synthetic_78.wav,aaaaah!,
synthetic_bisaya_audio\synthetic_79.wav,ayawg hunahunaa!,
synthetic_bisaya_audio\synthetic_80.wav,whoooooo!,
synthetic_bisaya_audio\synthetic_81.wav,holy crap! kini mao ang buang!,
synthetic_bisaya_audio\synthetic_82.wav,wow nakasulod ka ba sa cafeteria pinaagi sa usa ka portal?,
synthetic_bisaya_audio\synthetic_83.wav,ikaw si ben,
synthetic_bisaya_audio\synthetic_84.wav,makuha nimo ang iyang numero unya dali,
synthetic_bisaya_audio\synthetic_85.wav,kamo kinahanglan nga dili gayud magtandog niana nga butang labaw pa sa imong pangatarungan,
synthetic_bisaya_audio\synthetic_86.wav,labaw ka sa among pangatarungan!,
synthetic_bisaya_audio\synthetic_87.wav,gikuha ang usa aron mahibal-an ang usa,
synthetic_bisaya_audio\synthetic_88.wav,unsay inyong gibuhat sa akong mga butang?,
synthetic_bisaya_audio\synthetic_89.wav,gibalhin ka namo sa nursing home,
synthetic_bisaya_audio\synthetic_90.wav,unsay buot ipasabot?,
synthetic_bisaya_audio\synthetic_91.wav,personal kini,
synthetic_bisaya_audio\synthetic_92.wav,unsa man ang imong isulti bahin kang ben? nga tanga siya or unsa?,
synthetic_bisaya_audio\synthetic_93.wav,ay,
synthetic_bisaya_audio\synthetic_94.wav,iii wala mahibalo kon unsay imong gipasabot niana mahimo ba nimo nga mas espesipiko gamay?,
synthetic_bisaya_audio\synthetic_95.wav,ako?,
synthetic_bisaya_audio\synthetic_96.wav,177245385 whoa!,
synthetic_bisaya_audio\synthetic_97.wav,unsa man?,
synthetic_bisaya_audio\synthetic_98.wav,holy crap husto siya,
synthetic_bisaya_audio\synthetic_99.wav,ang pag-usbaw sa internal nga enerhiya sa usa ka sistema katumbas sa pagtaas sa kainit nga gihatag sa sistema wow! maalamon kaayo ko!,
synthetic_bisaya_audio\synthetic_100.wav,giingnan nako nga tanga kamong duha sa eskwelahan dili kini kung giunsa nimo pagkat-on ang mga butang si ben usa ka talento nga bata siya adunay espesyal nga hunahuna mao to siya akong gamay nga katabang ingon siya nako maghimo siyag maayong mga butang sa siyensya sa ulahi sa iyang kinabuhi maalamon kaayo siya alang sa eskwelahan kinahanglan nga magpadayon siya sa pagpakig-uban ug pagtabang kanako,
synthetic_bisaya_audio\synthetic_101.wav,dili,
synthetic_bisaya_audio\synthetic_102.wav,frank palicky na-freeze hangtod namatay karon!,
synthetic_bisaya_audio\synthetic_103.wav,walay ideya kung unsa ang imong gihisgutan,
synthetic_bisaya_audio\synthetic_104.wav,nahibal-an nimo kung unsa? okay ra,
synthetic_bisaya_audio\synthetic_105.wav,full disclosure,
synthetic_bisaya_audio\synthetic_106.wav,unsa? nganong nagtan-aw ka nako? gusto ka mugawas? sa gawas?,
synthetic_bisaya_audio\synthetic_107.wav,sa gawas?,
synthetic_bisaya_audio\synthetic_108.wav,gibiaybiay ba ko nimo?! dali!,
synthetic_bisaya_audio\synthetic_109.wav,your idiot dog!,
synthetic_bisaya_audio\synthetic_110.wav,ha-ha!,
synthetic_bisaya_audio\synthetic_111.wav,boy,
synthetic_bisaya_audio\synthetic_112.wav,snuffles,
synthetic_bisaya_audio\synthetic_113.wav,roll over,
synthetic_bisaya_audio\synthetic_114.wav,adto sa banyo,
synthetic_bisaya_audio\synthetic_115.wav,holy crap!,
synthetic_bisaya_audio\synthetic_116.wav,no way,
synthetic_bisaya_audio\synthetic_117.wav,www-unsa kini?,
synthetic_bisaya_audio\synthetic_118.wav,naghisgot ka bahin sa inception?,
synthetic_bisaya_audio\synthetic_119.wav,inception adunay kahulugan,
synthetic_bisaya_audio\synthetic_120.wav,dili nimo kinahanglan nga sulayan nga mapabilib ako,
synthetic_bisaya_audio\synthetic_121.wav,wala ka kaila nako!,
synthetic_bisaya_audio\synthetic_122.wav,wala ka kaila nako!,
synthetic_bisaya_audio\synthetic_123.wav,uh-oh! spoiler!,
synthetic_bisaya_audio\synthetic_124.wav,iusa ka bug-os nga panahon sa luyo,
synthetic_bisaya_audio\synthetic_125.wav,wheat thins wheat thins,
synthetic_bisaya_audio\synthetic_126.wav,kuhaon,
synthetic_bisaya_audio\synthetic_127.wav,paulbo kini,
synthetic_bisaya_audio\synthetic_128.wav,mas maayo nga hunongon na nimo kana,
synthetic_bisaya_audio\synthetic_129.wav,allahu akbar! kami na ang mokontrol ani nga eroplano! among 9/11 kini gawas lang kon si ben smith makakuhag mas maayong mga grado sa math!,
synthetic_bisaya_audio\synthetic_130.wav,the name's not buddy it's goldenfold nice to wheat you!,
synthetic_bisaya_audio\synthetic_131.wav,aaaaaaaaaaaaaaaaaaaaaaaahhhhhhhhhhhhhhhh!!!!!!!!!!!!!!!!!!!,
synthetic_bisaya_audio\synthetic_132.wav,ooohhh!,
synthetic_bisaya_audio\synthetic_133.wav,unsa?! nagbiaybiay ka nako?! ohhhhhh!,
synthetic_bisaya_audio\synthetic_134.wav,wag ka nga baby! likayan nimo nga mapusilan sa tinuod nga kinabuhi sa tanang panahon,
synthetic_bisaya_audio\synthetic_135.wav,dad-a ko karon sa akong tsinelas,
synthetic_bisaya_audio\synthetic_136.wav,kini ang akong gihisgutankini usa ka iro,
synthetic_bisaya_audio\synthetic_137.wav,ooowwwwowowwaawaa!,
synthetic_bisaya_audio\synthetic_138.wav,aaaawwaaaaawaawa!,
synthetic_bisaya_audio\synthetic_139.wav,ooooyayawawa!,
synthetic_bisaya_audio\synthetic_140.wav,akong tawagan si bob saget bagay gihapon?,
synthetic_bisaya_audio\synthetic_141.wav,hmm?,
synthetic_bisaya_audio\synthetic_142.wav,tungod kay pareho ming mga hamtong nga makatarunganon nga dili gusto nga adunay daotan nga mahitabo ug tungod kay ako adunay taming sa tawo,
synthetic_bisaya_audio\synthetic_143.wav,mrs pancakes! aaaaaaaahhhhh!!!!!,
synthetic_bisaya_audio\synthetic_144.wav,whoa! whoa! whoa! whoooooaaaa! whoa! whoa! whoooooaaaa!,
synthetic_bisaya_audio\synthetic_145.wav,whooooa! whoooooooa! whoa! whoooooooaaaaaaaa!,
synthetic_bisaya_audio\synthetic_146.wav,aaaaaaaaaaaaaaaaaaaaaaaahhhhhhhhhh!!!!!!!!!!,
synthetic_bisaya_audio\synthetic_147.wav,wala ka kabalo m-,
synthetic_bisaya_audio\synthetic_148.wav,whoa!,
synthetic_bisaya_audio\synthetic_149.wav,ohh! oh! gross! gross!,
synthetic_bisaya_audio\synthetic_150.wav,unsa man? ang damgo nga bersyon ni goldenfold sa mrs,
synthetic_bisaya_audio\synthetic_151.wav,sus,
synthetic_bisaya_audio\synthetic_152.wav,ooooooohhhhh! holy crap!,
synthetic_bisaya_audio\synthetic_153.wav,looks sama sa usa ka matang sa legal nga luwas nga knock-off sa usa ka '80s horror character nga adunay gagmay nga mga espada alang sa mga tudlo imbes mga kutsilyo,
synthetic_bisaya_audio\synthetic_154.wav,snuffles fix make better,
synthetic_bisaya_audio\synthetic_155.wav,nakasabot ang mga tawo sa snuffles karon? nindot kana!,
synthetic_bisaya_audio\synthetic_156.wav,snuffles gusto sabtonsnuffles kinahanglan,
synthetic_bisaya_audio\synthetic_157.wav,ngano dili?,
synthetic_bisaya_audio\synthetic_158.wav,wala ko kabalo indian nga paghatag402,
synthetic_bisaya_audio\synthetic_159.wav,ang gamay babaye!,
synthetic_bisaya_audio\synthetic_160.wav,huh?,
synthetic_bisaya_audio\synthetic_161.wav,ohhhh!,
synthetic_bisaya_audio\synthetic_162.wav,ayaw kog tawga nga ingon ana!,
synthetic_bisaya_audio\synthetic_163.wav,nahadlok ka?,
synthetic_bisaya_audio\synthetic_164.wav,aaaaaaahhh!!!!!,
synthetic_bisaya_audio\synthetic_165.wav,uhhh,
synthetic_bisaya_audio\synthetic_166.wav,yeah totally adto na,
synthetic_bisaya_audio\synthetic_167.wav,maglakaw ka kung oras na sa paglakaw430,
synthetic_bisaya_audio\synthetic_168.wav,naningkamot mi nga mukuha kog a sa math?,
synthetic_bisaya_audio\synthetic_169.wav,ooooooaaahhh!,
synthetic_bisaya_audio\synthetic_170.wav,apan kana ang kaatbang sa unsa-,
synthetic_bisaya_audio\synthetic_171.wav,worst-case scenario balik mi sa pagdagan,
synthetic_bisaya_audio\synthetic_172.wav,makadagan ka pero dili ka makatago!,
synthetic_bisaya_audio\synthetic_173.wav,huh! sa imong hunahuna makontrol nimo ako pinaagi sa pagpagupit sa buhok?,
synthetic_bisaya_audio\synthetic_174.wav,dili ko gusto nga hisgutan kini!,
synthetic_bisaya_audio\synthetic_175.wav,morag makahadlok nga si terry adunay usa ka nightmare,
synthetic_bisaya_audio\synthetic_176.wav,oo nga pala,
synthetic_bisaya_audio\synthetic_177.wav,gipugos nimo ang imong kaugalingon,
synthetic_bisaya_audio\synthetic_178.wav,kanunay kong gidumtannga kanta!,
synthetic_bisaya_audio\synthetic_179.wav,kini nga mga katunga dili managsama,
synthetic_bisaya_audio\synthetic_180.wav,ang sekso sagrado!,
synthetic_bisaya_audio\synthetic_181.wav,kini tungod kay dili nimo hatagan si ben smith og maayo nga mga grado,
synthetic_bisaya_audio\synthetic_182.wav,what the hell?,
synthetic_bisaya_audio\synthetic_183.wav,dili ko makatuo kung giunsa mean snuffles nakuha tungod lang kay siya maalamon,
synthetic_bisaya_audio\synthetic_184.wav,mao ni gipili nako nga makakuha ug c,
synthetic_bisaya_audio\synthetic_185.wav,- dad!- daddy ben!,
synthetic_bisaya_audio\synthetic_186.wav,kon magdali ta makahimo ta ug kampo sa usa ka sewer tunnel o unsa pa sa dili pa ang mga iro hingpit nga,
synthetic_bisaya_audio\synthetic_187.wav,bad person bad,
synthetic_bisaya_audio\synthetic_188.wav,sugdi ang ikaduhang hugna,
synthetic_bisaya_audio\synthetic_189.wav,pero ako-kini murag tibuok tuig!,
synthetic_bisaya_audio\synthetic_190.wav,�unom ka oras na ang milabay ang mga damgo nagpalihok sa usa ka gatos nga katulin sa reyalidad,
synthetic_bisaya_audio\synthetic_191.wav,close,
synthetic_bisaya_audio\synthetic_192.wav,unsa?!,
synthetic_bisaya_audio\synthetic_193.wav,bisan unsa bisan unsa para sa akong mahal nga ben,
synthetic_bisaya_audio\synthetic_194.wav,kami dili sila! kami dili sila,
synthetic_bisaya_audio\synthetic_195.wav,gimingaw ko nimo,
synthetic_bisaya_audio\synthetic_196.wav,pasayloa ko sama ra sa katapusan sa old yeller,
synthetic_bisaya_audio\synthetic_197.wav,ben? unsay imong nahibaloan?,
synthetic_bisaya_audio\synthetic_198.wav,unsa na ben?,
synthetic_bisaya_audio\synthetic_199.wav,ugghh,
synthetic_bisaya_audio\synthetic_200.wav,unsa imong gibuhat?,
synthetic_bisaya_audio\synthetic_201.wav,oww!,
synthetic_bisaya_audio\synthetic_202.wav,want kinda question is that?,
synthetic_bisaya_audio\synthetic_203.wav,the yes or no kind,
synthetic_bisaya_audio\synthetic_204.wav,yess,
synthetic_bisaya_audio\synthetic_205.wav,ikaw ba ang magtukod niini?,
synthetic_bisaya_audio\synthetic_206.wav,noo,
synthetic_bisaya_audio\synthetic_207.wav,unya unsa man ang kapuslanan sa oo?,
synthetic_bisaya_audio\synthetic_208.wav,sort of,
synthetic_bisaya_audio\synthetic_209.wav,this late?,
synthetic_bisaya_audio\synthetic_210.wav,bawagi imong kamot siya!,
synthetic_bisaya_audio\synthetic_211.wav,balik gani ko nga mauban sa akong lalaki!,
synthetic_bisaya_audio\synthetic_212.wav,tama na bradleydili mi gusto nga masamdan nimo imong bukton nga naglabay ug,
synthetic_bisaya_audio\synthetic_213.wav,who cares? hawaa lang ko,
synthetic_bisaya_audio\synthetic_214.wav,let me go!!! i love you ben!,
synthetic_bisaya_audio\synthetic_215.wav,mag-inusara siya sa maong lalaki sa tibuok,
synthetic_bisaya_audio\synthetic_216.wav,dili nako sala nga nag-freeze mi sa oras sa umog nga adlaw!,
synthetic_bisaya_audio\synthetic_217.wav,unsa? unsang klaseha nga monster ka?,
synthetic_bisaya_audio\synthetic_218.wav,usa ka may katakus,
synthetic_bisaya_audio\synthetic_219.wav,kinsay nagpakabana sa butang nga inyong gihisgutan? ang tibuok punto sa nagyelo nga panahon mao ang paghunong sa pagpanglugos pagsul-ob og kamiseta sa imong amang nga amahan ug atongkining amang nga uniberso buhaton nato kini nga butang,
synthetic_bisaya_audio\synthetic_220.wav,ang atong panahon mahimong dili lig-on? unsa man ang gipasabut niana?,
synthetic_bisaya_audio\synthetic_221.wav,ug lakaw na ta!,
synthetic_bisaya_audio\synthetic_222.wav,m-gimingaw lang kaayo mi nimo,
synthetic_bisaya_audio\synthetic_223.wav,oh!,
synthetic_bisaya_audio\synthetic_224.wav,uh oh,
synthetic_bisaya_audio\synthetic_225.wav,phew,
synthetic_bisaya_audio\synthetic_226.wav,nuh uh!,
synthetic_bisaya_audio\synthetic_227.wav,yeah huh!,
synthetic_bisaya_audio\synthetic_228.wav,you shut up you dako babayeng asshole!,
synthetic_bisaya_audio\synthetic_229.wav,wala ko!,
synthetic_bisaya_audio\synthetic_230.wav,wala ka nabuhat?,
synthetic_bisaya_audio\synthetic_231.wav,unsa ang imo?,
synthetic_bisaya_audio\synthetic_232.wav,paghilom ka!,
synthetic_bisaya_audio\synthetic_233.wav,whoa whoa what-unsa impyerno impyerno?,
synthetic_bisaya_audio\synthetic_234.wav,wala ba kaninyoy kasigurohan sa bisan unsang butang karon lang?,
synthetic_bisaya_audio\synthetic_235.wav,oh man dili maayo ang akong,
synthetic_bisaya_audio\synthetic_236.wav,a-nagsulti ba ko karon?,
synthetic_bisaya_audio\synthetic_237.wav,unsay angay natong buhaton ben?,
synthetic_bisaya_audio\synthetic_238.wav,atong tan-awon kon nagkinahanglan ba siya og tabang,
synthetic_bisaya_audio\synthetic_239.wav,unsay buot nimong ipasabot nga tabangan,
synthetic_bisaya_audio\synthetic_240.wav,unsay nahitabo grampa?,
synthetic_bisaya_audio\synthetic_241.wav,shut up! oh crap gibiaybiay ba ko nimo? duha ka tuldok? dili kinahanglan nga labaw pa sa usa ka tuldok kamong duha naghimo kanamong walay kasigurohan!,
synthetic_bisaya_audio\synthetic_242.wav,unsay buot nimong ipasabot?,
synthetic_bisaya_audio\synthetic_243.wav,unsa? sa english?,
synthetic_bisaya_audio\synthetic_244.wav,unsa? english please?,
synthetic_bisaya_audio\synthetic_245.wav,ang atong panahon nabalikamong duha sa usa ka paagi nakamugna ug feedback loop sa kawalay kasiguruhan nga nagbahin sa atong realidad ngadto sa duha parehas nga posible nga mga imposible k-kita sama gyud sa usa ka lalaki nga makahimo sa pagpadayon sa usa ka platonic nga panaghigalaay sa usa ka madanihon nga babaye nga kauban sa trabaho kami hingpit nga hypothetical,
synthetic_bisaya_audio\synthetic_246.wav,apan ako naghunahuna nga adunay walay katapusan nga mga timeline,
synthetic_bisaya_audio\synthetic_247.wav,katong mga iring?,
synthetic_bisaya_audio\synthetic_248.wav,�mama ug papa?� kuhaa ang imong ulo gikan sa asno sa imong pamilya nangawala ming tulo sa walay kataposang kalimot ang imong mga ginikanan maglungtad tingali gikinabuhi nila kini sa usa ka wala�y hinungdan nga sukaranan nga istorya bahin sa ilang daotan nga kaminyoon,
synthetic_bisaya_audio\synthetic_249.wav,cold stone creamery ang labing kaayo unsay angay natong buhaton sa nahibilin natong baynte dolyares?,
synthetic_bisaya_audio\synthetic_250.wav,you realize nga mokanta sila bisag unsa pa ka tip,
synthetic_bisaya_audio\synthetic_251.wav,holy shit! unsay nahitabo?,
synthetic_bisaya_audio\synthetic_252.wav,naigo ko og usa! k-kinahanglan namong isulti ang mga polis nga imong gimaneho,
synthetic_bisaya_audio\synthetic_253.wav,a-unsa?,
synthetic_bisaya_audio\synthetic_254.wav,kini ang rum raisin!,
synthetic_bisaya_audio\synthetic_255.wav,buhi pa,
synthetic_bisaya_audio\synthetic_256.wav,so,
synthetic_bisaya_audio\synthetic_257.wav,oo beth,
synthetic_bisaya_audio\synthetic_258.wav,ug gibuhat nimo kini aron makalimpyo ka sa balay pagkahuman sa usa ka party?,
synthetic_bisaya_audio\synthetic_259.wav,or,
synthetic_bisaya_audio\synthetic_260.wav,1,
synthetic_bisaya_audio\synthetic_261.wav,nanginahanglan ug lebel lebel sa lebel aron mabuhig buhi?,
synthetic_bisaya_audio\synthetic_262.wav,o?,
synthetic_bisaya_audio\synthetic_263.wav,kami dili,
synthetic_bisaya_audio\synthetic_264.wav,oh shit,
synthetic_bisaya_audio\synthetic_265.wav,unsa may problema ninyong duha!? akoakoakoi mean kamong upat!?,
synthetic_bisaya_audio\synthetic_266.wav,gibiaybiay ko nimo kanunay ug karon gibuhat usab ni summer!,
synthetic_bisaya_audio\synthetic_267.wav,pirme ko nimo gisakyan ug karon naay mohalok sa imong asno!,
synthetic_bisaya_audio\synthetic_268.wav,ako? unsa man nimo? mas maghinam-hinam ka nga makakita nako nga mapakyas? gusto nimo si grampa sa imong kaugalingon!,
synthetic_bisaya_audio\synthetic_269.wav,geez,
synthetic_bisaya_audio\synthetic_270.wav,i mean gipusil na uban sa pusil,
synthetic_bisaya_audio\synthetic_271.wav,you mean hubog?,
synthetic_bisaya_audio\synthetic_272.wav,no,
synthetic_bisaya_audio\synthetic_273.wav,kanang anak sa usa ka bitch mopatay kanako!,
synthetic_bisaya_audio\synthetic_274.wav,ric unsay imong gibuhat?,
synthetic_bisaya_audio\synthetic_275.wav,pagluwas sa atong kinabuhi human niya ako pagawason siya moadto alang kanimo!,
synthetic_bisaya_audio\synthetic_276.wav,kinsa?,
synthetic_bisaya_audio\synthetic_277.wav,ako!,
synthetic_bisaya_audio\synthetic_278.wav,ahh!,
synthetic_bisaya_audio\synthetic_279.wav,whoa whoa!,
synthetic_bisaya_audio\synthetic_280.wav,kinsa ni karon?,
synthetic_bisaya_audio\synthetic_281.wav,kasagaran siya nagtrabaho sa mga kabayo,
synthetic_bisaya_audio\synthetic_282.wav,jesus,
synthetic_bisaya_audio\synthetic_283.wav,tama,
synthetic_bisaya_audio\synthetic_284.wav,sa akong hunahuna sigurado ako nga f'd kami sa a,
synthetic_bisaya_audio\synthetic_285.wav,gisulayan nimo ang pagpatay sa imong kaugalingon!,
synthetic_bisaya_audio\synthetic_286.wav,aw naa bay paagi nga mapamatud-an nimo nga dili na ka hulga sa imong kaugalingon ug sa uban?,
synthetic_bisaya_audio\synthetic_287.wav,a-unsay imong gibuhat?,
synthetic_bisaya_audio\synthetic_288.wav,fine ako ra mismo ang mobuhat,
synthetic_bisaya_audio\synthetic_289.wav,kung makalingkawas ka nianang tibuok panahon nganong wala man ka?,
synthetic_bisaya_audio\synthetic_290.wav,kini usa ka mangtas!,
synthetic_bisaya_audio\synthetic_291.wav,usa kini ka mangtas!,
synthetic_bisaya_audio\synthetic_292.wav,ey,
synthetic_bisaya_audio\synthetic_293.wav,giunsa kini nahitabo?,
synthetic_bisaya_audio\synthetic_294.wav,unsa kadugay nga kinahanglan natong isul-ob kining mga butanga? makauulaw gyud sila,
synthetic_bisaya_audio\synthetic_295.wav,bueno,
synthetic_bisaya_audio\synthetic_296.wav,panahon nga bilanggoan?,
synthetic_bisaya_audio\synthetic_297.wav,gikawat nimo ang usa ka oras nga nagyelo nga kristal gikan sa mga testicle nga monster?,
synthetic_bisaya_audio\synthetic_298.wav,ututututut! mas maayo nga magbalik ka! tawo,
synthetic_bisaya_audio\synthetic_299.wav,hmm,
synthetic_bisaya_audio\synthetic_300.wav,wala bay kuting sa dapit nga nanginahanglan ug manicure?,
synthetic_bisaya_audio\synthetic_301.wav,sa akong hunahuna kana ang katapusan niana,
synthetic_bisaya_audio\synthetic_302.wav,among gibuhat,
synthetic_bisaya_audio\synthetic_303.wav,nganong gibuhat nimo ni?,
synthetic_bisaya_audio\synthetic_304.wav,sa imong hunahuna gusto ko nga mahimong usa ka omniscient imortal nga molapas sa oras ug luna sa tibuok nakong kinabuhi? naa koy mga ambisyon nga lalaki,
synthetic_bisaya_audio\synthetic_305.wav,unsa kaha kon sultihan ko ikaw nga adunay usa ka dako nga tiket sa imong luyo?,
synthetic_bisaya_audio\synthetic_306.wav,nagtuo ka nga ingon ana ko ka tanga?,
synthetic_bisaya_audio\synthetic_307.wav,dili ko makiglalis niana,
synthetic_bisaya_audio\synthetic_308.wav,chris!,
synthetic_bisaya_audio\synthetic_309.wav,gipatay nimo akong pusil!,
synthetic_bisaya_audio\synthetic_310.wav,unsa? unsa man ang imong gibuhat?,
synthetic_bisaya_audio\synthetic_311.wav,maayong pangutana nagtuo ko nga ang tubag mao ang,
synthetic_bisaya_audio\synthetic_312.wav,bisan unsa unsa ka gamay ang kinahanglan nako nga dili kaayo magtagad sa kinabuhi sa usa ka hayop kaysa sa akong kaugalingon nga kaakuhan?,
synthetic_bisaya_audio\synthetic_313.wav,hmm gamay ra kaayo ka pero ikaw gihapon ang babaye nga akong gipakaslan,
synthetic_bisaya_audio\synthetic_314.wav,asa ta paingon?,
synthetic_bisaya_audio\synthetic_315.wav,usa ka katapusan nga paghunong,
synthetic_bisaya_audio\synthetic_316.wav,asa ang helicopter?,
synthetic_bisaya_audio\synthetic_317.wav,walay helicopter ug walay cervine institute,
synthetic_bisaya_audio\synthetic_318.wav,apan ang pinakataas nga surgeon sa usa,
synthetic_bisaya_audio\synthetic_319.wav,gitan-aw nako siya salamat sa pag fd nako nga ingon ana,
synthetic_bisaya_audio\synthetic_320.wav,kinahanglan ko ug lima ka minuto,
synthetic_bisaya_audio\synthetic_321.wav,salamat sa cold stone creamery,
synthetic_bisaya_audio\synthetic_322.wav,woohoo! whoo! whoo!,
synthetic_bisaya_audio\synthetic_323.wav,buhata ang patch sa repolyo buhatabuhatabuhata ang sayaw,
synthetic_bisaya_audio\synthetic_324.wav,wala ko kabalo sa akong hunahuna ang usa ka kan-uman ug kwatro sa akong mga kwelyo wala molihok lisud nga magpabilin nga tul-id karon nga adunay kan-uman ug tulo pa nga mga panumduman sa tanan,
synthetic_bisaya_audio\synthetic_325.wav,mangihi ko sa akong karsones,
synthetic_bisaya_audio\synthetic_326.wav,dili sakit kaayo,
synthetic_bisaya_audio\synthetic_327.wav,mangihi ko-hee-hee,
synthetic_bisaya_audio\synthetic_328.wav,gisultihan ko ikaw nga milabay sa mga dinosaur,
synthetic_bisaya_audio\synthetic_329.wav,hala,
synthetic_bisaya_audio\synthetic_330.wav,ang lansis sa cereal mao ang pagtipig sa 70% niini labaw sa gatas,
synthetic_bisaya_audio\synthetic_331.wav,diyos ba?,
synthetic_bisaya_audio\synthetic_332.wav,ok,
synthetic_bisaya_audio\synthetic_333.wav,ben ug ako motan-aw niini kupot mog maayo,
synthetic_bisaya_audio\synthetic_334.wav,sa unsang paagi makatabang ang pag-ampo?,
synthetic_bisaya_audio\synthetic_335.wav,ma'am,
synthetic_bisaya_audio\synthetic_336.wav,pabilin! kini nga relo naghimo sa mga tawo nga mga bitin!,
synthetic_bisaya_audio\synthetic_337.wav,barug tindog ang tanan! ako ang lider niining mga tawhana ug ako walay armas wala na kinahanglana pa ang paghimog bitin,
synthetic_bisaya_audio\synthetic_338.wav,ako si daddy ben sanchez ania ang akong apo nga si ben,
synthetic_bisaya_audio\synthetic_339.wav,uy,
synthetic_bisaya_audio\synthetic_340.wav,gusto nimo nga ibutang kini sa higanteng speaker system sa imong sonic testing facility sa area 51,
synthetic_bisaya_audio\synthetic_341.wav,unsaon nimo pagkahibalo bahin niana?,
synthetic_bisaya_audio\synthetic_342.wav,unsa? sa unsang paagi kini posible? mamatay ra ba ang mga tawo kung nganlan ko sila?,
synthetic_bisaya_audio\synthetic_343.wav,dear god,
synthetic_bisaya_audio\synthetic_344.wav,sanchez! usa ka ba ka musikero?,
synthetic_bisaya_audio\synthetic_345.wav,i dabble,
synthetic_bisaya_audio\synthetic_346.wav,dad-a kining tawhana ug ang iyang apo sa blackhawk ngadto sa area 51,
synthetic_bisaya_audio\synthetic_347.wav,ohhhh,
synthetic_bisaya_audio\synthetic_348.wav,bb-pero wala tay kanta!,
synthetic_bisaya_audio\synthetic_349.wav,ahhhhh yeahhhhh kinahanglan ka nga mag-schwifty schwifty,
synthetic_bisaya_audio\synthetic_350.wav,kuha� schwifty? unsa man kana?,
synthetic_bisaya_audio\synthetic_351.wav,huboa imong karsones ug panty shit sa salog oras para maka schwifty diri ako si mr bulldops,
synthetic_bisaya_audio\synthetic_352.wav,mr mga bulldops?,
synthetic_bisaya_audio\synthetic_353.wav,bahala ka sa salog oras na para makasulod diri,
synthetic_bisaya_audio\synthetic_354.wav,paminaw! ang bagyo mihunong!,
synthetic_bisaya_audio\synthetic_355.wav,palihug pagbinuotan mi kay gamay ra mi nga mga butang nga naay tibuok lawas sa imong yuta,
synthetic_bisaya_audio\synthetic_356.wav,unsa man ang nahitabo?,
synthetic_bisaya_audio\synthetic_357.wav,sa akong hunahuna ang planetang yuta bag-o lang nadala,
synthetic_bisaya_audio\synthetic_358.wav,ang ulo mibiya ug nagpadala sa iyang mga anak!,
synthetic_bisaya_audio\synthetic_359.wav,holy crap!,
synthetic_bisaya_audio\synthetic_360.wav,disqualified!,
synthetic_bisaya_audio\synthetic_361.wav,adunay usa matag season pagbalhin ngadto sa planetang arbolez meterosos arbolian meterososians ipakita namo kung unsay naa nimo,
synthetic_bisaya_audio\synthetic_362.wav,pareho nga wala pa mi igong pressure!,
synthetic_bisaya_audio\synthetic_363.wav,hunonga ang pagsulti niini nga morag usa ka butang! gihimo nimo kini!,
synthetic_bisaya_audio\synthetic_364.wav,igo na akong nakita kining mga tawhana kay one-hit wonders,
synthetic_bisaya_audio\synthetic_365.wav,adunay pa kami nukleyar nga kapilian sa akong pulong,
synthetic_bisaya_audio\synthetic_366.wav,kinahanglan kitang mag-empake ug mobiya sa lungsod karon,
synthetic_bisaya_audio\synthetic_367.wav,sa akong hunahuna kini makapadasig nga ang atong komunidad nagsagubang sa kahadlok sa paagi nga naglakip sa usa ka pista ug homemade ice cream imong kaugalingon,
synthetic_bisaya_audio\synthetic_368.wav,whoa! tan-aw nimo! gisul-ob nimo ang kalo ug tanan!,
synthetic_bisaya_audio\synthetic_369.wav,gihigugma ko kamo gihatagan ko nimog kinabuhi ug kini ang kabubut-on sa daghang mga ulo nga ang tanan nga mga bata nagpasidungog sa ilang mga ginikanan,
synthetic_bisaya_audio\synthetic_370.wav,nindot paminawon ang panihapon,
synthetic_bisaya_audio\synthetic_371.wav,sure! adto ta sa pagkayab a-a-unsa kini?,
synthetic_bisaya_audio\synthetic_372.wav,kinsa ang mokuha og ulang para makakita sa iron man 3?,
synthetic_bisaya_audio\synthetic_373.wav,damn wala nimo ako gisultihan nga nakig-away ka sa mga portal ug tae,
synthetic_bisaya_audio\synthetic_374.wav,mao na!,
synthetic_bisaya_audio\synthetic_375.wav,namakak ka! namakak ka bahin sa sumbong! nagtinapulan ka lang! balik kamo! lingkod!,
synthetic_bisaya_audio\synthetic_376.wav,pangitaon ko si mama ug papa,
synthetic_bisaya_audio\synthetic_377.wav,noooo!,
synthetic_bisaya_audio\synthetic_378.wav,ug dayon si ethan mitugtog og gitara ug among nakat-unan ang pito ka pagpamalandong sa ulo pinaagi sa pagkanta niini makalingaw gyud dalaygon ang ulo!,
synthetic_bisaya_audio\synthetic_379.wav,magsugod na kog panihapon!,
synthetic_bisaya_audio\synthetic_380.wav,wala ko kabalo unsa akong isulti maayo kaayo ang ting-init dinhi,
synthetic_bisaya_audio\synthetic_381.wav,dili na siya buntis o nagdroga o dili curfew,
synthetic_bisaya_audio\synthetic_382.wav,dili kana among negosyo basta ang summer molambo!,
synthetic_bisaya_audio\synthetic_383.wav,taco nga oras! nanghinaut ko nga kini makapahimuot kanimo sama sa gitinguha sa ulo,
synthetic_bisaya_audio\synthetic_384.wav,ben,
synthetic_bisaya_audio\synthetic_385.wav,birdperson?,
synthetic_bisaya_audio\synthetic_386.wav,unsa? ngano dili?,
synthetic_bisaya_audio\synthetic_387.wav,unsa man? mahimo ka ba nga mahimong yelo?,
synthetic_bisaya_audio\synthetic_388.wav,nagtuo ko nga ma-access nako ang kasaysayan sa pusil ni daddy ben ug makatabang nimo nga makabalik ngadto kaniya,
synthetic_bisaya_audio\synthetic_389.wav,kini usa ka random nga mga tinumpag nakit-an nako sa akong carpet wala ko kahibalo kung unsa ang gikaon sa tawo,
synthetic_bisaya_audio\synthetic_390.wav,ayawg saba,
synthetic_bisaya_audio\synthetic_391.wav,unsa kana? kinsa kana nga bata?,
synthetic_bisaya_audio\synthetic_392.wav,ben,
synthetic_bisaya_audio\synthetic_393.wav,kadto si chunky tunk nga adunayfull ming mong,
synthetic_bisaya_audio\synthetic_394.wav,oh dios! taas na mi?!?!,
synthetic_bisaya_audio\synthetic_395.wav,ang kalibutan?,
synthetic_bisaya_audio\synthetic_396.wav,headism usa ka hit gidala namo kini sa tibuok kalibutan ug gusto namo nga si jerry mahimong ulo sa advertising sa among simbahan,
synthetic_bisaya_audio\synthetic_397.wav,ikawgusto?,
synthetic_bisaya_audio\synthetic_398.wav,mao na akong damgo! mao na akong damgo,
synthetic_bisaya_audio\synthetic_399.wav,dili gyud,
synthetic_bisaya_audio\synthetic_400.wav,atong pahimuslan ang atong kahigayonan nga padak-on siya nga walay mga bag-ong trabaho gawas sa relihiyon nga nakabase sa patatas ug nahibal-an nimo kung unsa? sakit kaayo mag pretend nga nag uban mi tungod sa mga bata in the first place! gipakasal ko nimo tungod kay ikaw ang gihigugma sa akong kinabuhi!,
synthetic_bisaya_audio\synthetic_401.wav,maayo ka! mobalik ka isip mga bata!,
synthetic_bisaya_audio\synthetic_402.wav,bata ako! bata na ko karon!,
synthetic_bisaya_audio\synthetic_403.wav,hello? naa bay tawo dinhi? ginoong presidente!,
synthetic_bisaya_audio\synthetic_404.wav,kini ang bluebird code tango-niner-alpha ipahunong ang paglusad abort! hello? gi block out ko niya,
synthetic_bisaya_audio\synthetic_405.wav,oh dios ko! cc-makalupad ka ug blackhawk?,
synthetic_bisaya_audio\synthetic_406.wav,mahaom ba ang dick sa papa sa usa ka donut?,
synthetic_bisaya_audio\synthetic_407.wav,eksakto!,
synthetic_bisaya_audio\synthetic_408.wav,ipakita kung unsay naa nimo,
synthetic_bisaya_audio\synthetic_409.wav,headward nga libre karon aron mobangon!,
synthetic_bisaya_audio\synthetic_410.wav,hoy! tan-awa ang mga ulo! morag nasuko ang mga ulo!,
synthetic_bisaya_audio\synthetic_411.wav,sigurado ko nga adunay� kana walay labot niini,
synthetic_bisaya_audio\synthetic_412.wav,ang mga ulo wala mahimuot!,
synthetic_bisaya_audio\synthetic_413.wav,ben!,
synthetic_bisaya_audio\synthetic_414.wav,ang mga ulo ganahan niini! ganahan sila kung dili namo patya ang pamilyang smith!,
synthetic_bisaya_audio\synthetic_415.wav,dili! hunonga kana! dili ka gitugotan sa paghubad sa kabubut-on sa mga ulo!,
synthetic_bisaya_audio\synthetic_416.wav,ihunong ang nukleyar nga welga! kini ang presidente hunonga ang paglansad sa nukleyar nga missile!,
synthetic_bisaya_audio\synthetic_417.wav,ilunsad lang ang mga misil!,
synthetic_bisaya_audio\synthetic_418.wav,boo! dili cool!,
synthetic_bisaya_audio\synthetic_419.wav,ako ra ang nagsulti sa mga ulo!,
synthetic_bisaya_audio\synthetic_420.wav,ang mga ulo nag-disqualify sa vagina! kuhaa siya!,
synthetic_bisaya_audio\synthetic_421.wav,disqualified! disqualified!,
synthetic_bisaya_audio\synthetic_422.wav,ingon ko buhaton nato!,
synthetic_bisaya_audio\synthetic_423.wav,sige!,
synthetic_bisaya_audio\synthetic_424.wav,ohhhh yeahhhh!,
synthetic_bisaya_audio\synthetic_425.wav,isulti kini uban kanako!,
synthetic_bisaya_audio\synthetic_426.wav,ohhh my gooooodddd!!!,
synthetic_bisaya_audio\synthetic_427.wav,musical reality show lang ba ang giingon niya?,
synthetic_bisaya_audio\synthetic_428.wav,heeeeellllpppp!!!!!,
synthetic_bisaya_audio\synthetic_429.wav,atong kuhaon siya,
synthetic_bisaya_audio\synthetic_430.wav,sigurado nga butang! and i was kinda hoping nga maka selfie ko nimo?,
synthetic_bisaya_audio\synthetic_431.wav,nasabtan,
synthetic_bisaya_audio\synthetic_432.wav,diiiieeee!!!!,
synthetic_bisaya_audio\synthetic_433.wav,nganong wala man siya nahimong bitin?,
synthetic_bisaya_audio\synthetic_434.wav,gihigugma ko kini nga tawo!,
synthetic_bisaya_audio\synthetic_435.wav,nausab ko andam ko nga makig-uban pag-usab sa akong mga kaigsoonan sa alphabetrium,
synthetic_bisaya_audio\synthetic_436.wav,ayaw kabalaka bahin kang jerry mamaayo ra siya nakadungog ka nako jerry? mamaayo ka!,
synthetic_bisaya_audio\synthetic_437.wav,woahh!,
synthetic_bisaya_audio\synthetic_438.wav,nganong ibutang nimo ang mutant bacteria sa usa ka pint nga cherry garcia?,
synthetic_bisaya_audio\synthetic_439.wav,dili na,
synthetic_bisaya_audio\synthetic_440.wav,nagsobra ka!,
synthetic_bisaya_audio\synthetic_441.wav,mamatay ba siya?,
synthetic_bisaya_audio\synthetic_442.wav,unsa? ang matag ospital nag-angkon nga adunay labing kaayo nga doktor sa galaksiya sama kini sa mga lugar sa pizza nga nag-angkon nga adunay labing kaayo nga pizza sa kalibutan unsa- sa imong hunahuna aduna silay mga kontes sa pizza? nakaadto ka na ba ug pizza contest?,
synthetic_bisaya_audio\synthetic_443.wav,usa ka sequel,
synthetic_bisaya_audio\synthetic_444.wav,eye-hole! kuhaa sila karon! ikea,
synthetic_bisaya_audio\synthetic_445.wav,asa ko?,
synthetic_bisaya_audio\synthetic_446.wav,my goodness,
synthetic_bisaya_audio\synthetic_447.wav,i see-hulat! unsa?,
synthetic_bisaya_audio\synthetic_448.wav,ben atong-tan-awon nato kung unsa pa ang naa,
synthetic_bisaya_audio\synthetic_449.wav,okay,
synthetic_bisaya_audio\synthetic_450.wav,whoa! tan-awa! kana nga babaye nga adunay tanan nga mga tae sa iyang nawong sama sa worf gikan sa star trek! nagkuha kana ug kape! giunsa niya pag-abot didto!,
synthetic_bisaya_audio\synthetic_451.wav,kana ba ang angay natong kabalak-an?,
synthetic_bisaya_audio\synthetic_452.wav,pahilayo lang sa makina sa kape,
synthetic_bisaya_audio\synthetic_453.wav,ug napulo ug unom ka quadrant adunay igo ra nga oras alang sa usa ka jan-michael vincent nga makaabut sa usa ka kuwadrante dili siya mahimo sa duha ka quadrant sa usa ka higayon,
synthetic_bisaya_audio\synthetic_454.wav,jan-michael vincent's kay nahurot na,
synthetic_bisaya_audio\synthetic_455.wav,importante ba nga mahibal-an nato kung kinsa si jan-michael vincent aron makuha kini?,
synthetic_bisaya_audio\synthetic_456.wav,kana si jan-michaels,
synthetic_bisaya_audio\synthetic_457.wav,nakuha na,
synthetic_bisaya_audio\synthetic_458.wav,gibilin ang usa ka partial nga gitas-on sa naputol nga urethra nga,
synthetic_bisaya_audio\synthetic_459.wav,smith nga pamilya?,
synthetic_bisaya_audio\synthetic_460.wav,oo?,
synthetic_bisaya_audio\synthetic_461.wav,gusto nakong ipahibalo kaninyong tanan nga si jerry maayo ra,
synthetic_bisaya_audio\synthetic_462.wav,unsa!?!,
synthetic_bisaya_audio\synthetic_463.wav,ang iyang kinatawo pulihan sa usa ka sopistikado nga prosthetic,
synthetic_bisaya_audio\synthetic_464.wav,gatusan ka bilyon,
synthetic_bisaya_audio\synthetic_465.wav,nakuha nimo,
synthetic_bisaya_audio\synthetic_466.wav,shoney's,
synthetic_bisaya_audio\synthetic_467.wav,o ang serye 9000 kay himoon kini nga mush,
synthetic_bisaya_audio\synthetic_468.wav,relaxed na kaayo?,
synthetic_bisaya_audio\synthetic_469.wav,sa dihang,
synthetic_bisaya_audio\synthetic_470.wav,daddy ben,
synthetic_bisaya_audio\synthetic_471.wav,sultihan ko ikaw,
synthetic_bisaya_audio\synthetic_472.wav,kinsay nagpakabana kung unsa ka taas ang ilang promosyon kanimo? ang tanan gibayran lang sa mga pildoras,
synthetic_bisaya_audio\synthetic_473.wav,si lolo daddy ben dili makaagwanta niini!,
synthetic_bisaya_audio\synthetic_474.wav,hunonga ang pagsulti sa iyang ngalan! iya ming gibiyaan,
synthetic_bisaya_audio\synthetic_475.wav,willem dafoe! k-mao kana ang lalaki nga wala nako mahunahuna karong buntaga,
synthetic_bisaya_audio\synthetic_476.wav,basin gusto ko lang nga magbantay ka kung molayas ko nga nagsinggit!,
synthetic_bisaya_audio\synthetic_477.wav,ooh!,
synthetic_bisaya_audio\synthetic_478.wav,usa ka espesyal nga imong nahinumduman? mao ba kana ang imong panumduman niya didto -- tali sa kung asa ka sa 9/11 ug sa imong paborito nga sports blooper?,
synthetic_bisaya_audio\synthetic_479.wav,ang adlaw nga naimbento nako ang portal gun mao ang adlaw nga nawala siya nako,
synthetic_bisaya_audio\synthetic_480.wav,ha? unsa ka -- nag-unsa ka?,
synthetic_bisaya_audio\synthetic_481.wav,husto ka!,
synthetic_bisaya_audio\synthetic_482.wav,sa adlaw nga nagsugod ug natapos ang tanan ang higayon nga nagbag-o sa tanan,
synthetic_bisaya_audio\synthetic_483.wav,mao ba,
synthetic_bisaya_audio\synthetic_484.wav,ako kaniadto nagsul-ob ako og asul nga pantalon,
synthetic_bisaya_audio\synthetic_485.wav,kanus-a ka nilukso sa interdimensional nga pagbiyahe?,
synthetic_bisaya_audio\synthetic_486.wav,wala ko akong gibuhat,
synthetic_bisaya_audio\synthetic_487.wav,ug unsaon nimo kana pagbuhat?,
synthetic_bisaya_audio\synthetic_488.wav,wala pa ko kabalo buhaton ko kini sa akong paglakaw mao kana ang gibuhat ni lolo daddy ben mao kana ang gibuhat sa mga bayani,
synthetic_bisaya_audio\synthetic_489.wav,unsa ni nga lugar? ug unsay naa sa hunger games summer?,
synthetic_bisaya_audio\synthetic_490.wav,mao kana ang akong igsoon nga babaye kini ang akong balay kaniadto,
synthetic_bisaya_audio\synthetic_491.wav,morag nag-inusara,
synthetic_bisaya_audio\synthetic_492.wav,usa ka lahi nga klase sa daddy ben,
synthetic_bisaya_audio\synthetic_493.wav,unsay imong gibuhat niana?!,
synthetic_bisaya_audio\synthetic_494.wav,dili! ngano man?! nganong buhaton nimo kana?! ww-unsa may problema ninyo mga tawo?!,
synthetic_bisaya_audio\synthetic_495.wav,hupti ang imong kalayo! hupti ang imong kalayo! ako si ben c-137,
synthetic_bisaya_audio\synthetic_496.wav,naa siya sa prisohan,
synthetic_bisaya_audio\synthetic_497.wav,ting-init,
synthetic_bisaya_audio\synthetic_498.wav,nadakpan siya sa federation ug giluwas namo siya,
synthetic_bisaya_audio\synthetic_499.wav,boo-yah!,
synthetic_bisaya_audio\synthetic_500.wav,boo-nah?,
synthetic_bisaya_audio\synthetic_501.wav,nooooooo!,
synthetic_bisaya_audio\synthetic_502.wav,wow kini nga sarsa talagsaon kaayo miingon ka nga nag-promote kini og salida?,
synthetic_bisaya_audio\synthetic_503.wav,oo mao kana ang tulo ka linya sa matematika nga nagbulag sa akong kinabuhi isip usa ka tawo gikan sa akong kinabuhi isip usa ka walay pagbati nga multo,
synthetic_bisaya_audio\synthetic_504.wav,awesome-possum mission control,
synthetic_bisaya_audio\synthetic_505.wav,nganong dili man?,
synthetic_bisaya_audio\synthetic_506.wav,unsay imong gihisgutan? kini usa ka handumanan y-dili nimo mausab ang mga detalye sa usa ka memorya,
synthetic_bisaya_audio\synthetic_507.wav,kini usa ka lit-ag! abort! naa pa ko sa iyang shoney's! balika -- wala gyud namo gibiyaan ang iyang shoney's!,
synthetic_bisaya_audio\synthetic_508.wav,kini usa ka lit-ag! abort! wala gyud namo gibiyaan ang iyang -- dili!,
synthetic_bisaya_audio\synthetic_509.wav,usa ka siyudad sa mga lolo?,
synthetic_bisaya_audio\synthetic_510.wav,kini ang citadel of daddy bens ang tanan nga lain-laing daddy bens gikan sa tanan nga lain-laing mga kamatuoran naghiusa sa pagtago dinhi gikan sa gobyerno,
synthetic_bisaya_audio\synthetic_511.wav,tungod kay si daddy bens nagdumot sa ilang kaugalingon ug ang among daddy ben mao ang labing iyang kaugalingon,
synthetic_bisaya_audio\synthetic_512.wav,sa unsang paagi kini usa ka patas nga pagsulay? o-ang among abogado usa ka ben,
synthetic_bisaya_audio\synthetic_513.wav,ben?,
synthetic_bisaya_audio\synthetic_514.wav,lolo daddy ben!,
synthetic_bisaya_audio\synthetic_515.wav,duh!,
synthetic_bisaya_audio\synthetic_516.wav,buhi ka!,
synthetic_bisaya_audio\synthetic_517.wav,daddy ben!,
synthetic_bisaya_audio\synthetic_518.wav,unsa -- unsa ang angay nga buhaton niini? kami adunay walay katapusan nga mga apo gisulayan nimo nga gamiton ang mga salapi sa disney sa palasyo ni caesar dinhi,
synthetic_bisaya_audio\synthetic_519.wav,r-daddy ben?,
synthetic_bisaya_audio\synthetic_520.wav,nganong dili man siya pusilon?,
synthetic_bisaya_audio\synthetic_521.wav,tungod kay gihigugma nimo siya!,
synthetic_bisaya_audio\synthetic_522.wav,gidumtan ko ikaw!,
synthetic_bisaya_audio\synthetic_523.wav,dili ko nimo pasagdan nga mamatay akong igsoon! ihulog ang pusil!,
synthetic_bisaya_audio\synthetic_524.wav,dili ko siya pasagdan nga mamatay,
synthetic_bisaya_audio\synthetic_525.wav,ha!,
synthetic_bisaya_audio\synthetic_526.wav,aw,
synthetic_bisaya_audio\synthetic_527.wav,ang punto mao nga siya naghunahuna nga ako moadto,
synthetic_bisaya_audio\synthetic_528.wav,unsa?! unsay nahitabo?,
synthetic_bisaya_audio\synthetic_529.wav,pinakatigulang nga daddy ben tdaddy ben sa libro,
synthetic_bisaya_audio\synthetic_530.wav,dili ba pwede nga mag portal na lang ta sa balay?,
synthetic_bisaya_audio\synthetic_531.wav,dili hangtod mahuman nako ang akong nasugdan ug kana kung giunsa nimo makuha ang lebel-siyam nga pag-access nga wala�y password,
synthetic_bisaya_audio\synthetic_532.wav,pagguba sa galactic nga gobyerno,
synthetic_bisaya_audio\synthetic_533.wav,imo bang ibutang ang tanan nilang nukes nga target sa usag usa?,
synthetic_bisaya_audio\synthetic_534.wav,dili na ang mga insekto adunay domain sa ibabaw sa kalibutan!,
synthetic_bisaya_audio\synthetic_535.wav,ang galactic nga gobyerno nahugno,
synthetic_bisaya_audio\synthetic_536.wav,okay ka lang?,
synthetic_bisaya_audio\synthetic_537.wav,tag-ana kinsa ang nagbungkag sa gobyerno?,
synthetic_bisaya_audio\synthetic_538.wav,palihug ayaw ko biyai pag-usab,
synthetic_bisaya_audio\synthetic_539.wav,dili gyud ko,
synthetic_bisaya_audio\synthetic_540.wav,tama ko iyang gituyo ang iyang kaugalingon kabahin kadto sa iyang plano!,
synthetic_bisaya_audio\synthetic_541.wav,umokay dili dili,
synthetic_bisaya_audio\synthetic_542.wav,unsa man? dili cool,
synthetic_bisaya_audio\synthetic_543.wav,jerry mogugol ug pipila ka panahon nga magdiborsyo,
synthetic_bisaya_audio\synthetic_544.wav,para sa tanan,
synthetic_bisaya_audio\synthetic_545.wav,mas maayo nga atimanon ko si jerry sa dili pa siya magbag-o sa iyang hunahuna ug dili mogawas ibilin ko ninyong duha sa inyong mga panimpalad,
synthetic_bisaya_audio\synthetic_546.wav,dili kaayo paspas,
synthetic_bisaya_audio\synthetic_547.wav,gipuli nako silang duha isip de facto patriarch sa imong pamilya ug sa imong uniberso dili unta ko dawaton sa imong mama kon mouli ko -,
synthetic_bisaya_audio\synthetic_548.wav,imong ipanghimakak kini,
synthetic_bisaya_audio\synthetic_549.wav,oh,
synthetic_bisaya_audio\synthetic_550.wav,unsay imong gihisgutan?,
synthetic_bisaya_audio\synthetic_551.wav,#name?,
synthetic_bisaya_audio\synthetic_552.wav,szechuan?,
synthetic_bisaya_audio\synthetic_553.wav,mcnuggets?,
synthetic_bisaya_audio\synthetic_554.wav,unsay imong gihisgutan?!,
synthetic_bisaya_audio\synthetic_555.wav,unsa kana?!,
synthetic_bisaya_audio\synthetic_556.wav,ako si phoenixperson,
synthetic_bisaya_audio\synthetic_557.wav,daddy ben?,
synthetic_bisaya_audio\synthetic_558.wav,daddy ben? a-asa ka?,
synthetic_bisaya_audio\synthetic_559.wav,dili ka ba makita ug ikaw,
synthetic_bisaya_audio\synthetic_560.wav,ibalik ang adobo,
synthetic_bisaya_audio\synthetic_561.wav,ug?,
synthetic_bisaya_audio\synthetic_562.wav,mao ba?,
synthetic_bisaya_audio\synthetic_563.wav,dili ko magbuhat og magic,
synthetic_bisaya_audio\synthetic_564.wav,dili ko mahimong adobo kung mahimo,
synthetic_bisaya_audio\synthetic_565.wav,gisulayan ko lang nga mahibal-an kung nganong buhaton nimo kini ngano nga adunay bisan kinsa nga mobuhat niini,
synthetic_bisaya_audio\synthetic_566.wav,unsa?! ngano man ka -- tan-awa,
synthetic_bisaya_audio\synthetic_567.wav,asa mo paingon?,
synthetic_bisaya_audio\synthetic_568.wav,dili ba nimo mahimo nga usa ka tawo?,
synthetic_bisaya_audio\synthetic_569.wav,dili makiglalis niana,
synthetic_bisaya_audio\synthetic_570.wav,great magkita ta unya,
synthetic_bisaya_audio\synthetic_571.wav,so init ingon ani ko mamatay,
synthetic_bisaya_audio\synthetic_572.wav,oh! oh!,
synthetic_bisaya_audio\synthetic_573.wav,dali na mao na,
synthetic_bisaya_audio\synthetic_574.wav,ari kuhaa kining lamiang brine,
synthetic_bisaya_audio\synthetic_575.wav,oo!,
synthetic_bisaya_audio\synthetic_576.wav,unsaon man ni nga therapy sa pamilya kung dili imbitahon si papa ug dili moanha si lolo?,
synthetic_bisaya_audio\synthetic_577.wav,walay gipili nga ania dinhi,
synthetic_bisaya_audio\synthetic_578.wav,temporaryo sa mando sa eskwelahan,
synthetic_bisaya_audio\synthetic_579.wav,ako usab unsa ka dugay kamong tanan nagkaon ug tae?,
synthetic_bisaya_audio\synthetic_580.wav,kamiwala pa nakakaon ug tae,
synthetic_bisaya_audio\synthetic_581.wav,giingnan ko nga naa bay lolo nga moapil namo?,
synthetic_bisaya_audio\synthetic_582.wav,gihimo niya ang iyang kaugalingon nga adobo,
synthetic_bisaya_audio\synthetic_583.wav,gihimo ba ni lolo ang iyang kaugalingon nga usa ka adobo?,
synthetic_bisaya_audio\synthetic_584.wav,ang matang nga wala gidesinyo sa pag-atake o pagpasakit kanimo sa bisan unsang paagi,
synthetic_bisaya_audio\synthetic_585.wav,wow ug,
synthetic_bisaya_audio\synthetic_586.wav,ug siya nag-ingon nga ang importante namakak kanimo si lolo aron makalingkawas sa pag-anhi dinhi,
synthetic_bisaya_audio\synthetic_587.wav,magbuhat ta og eksperimento dinhi nakuha nako ang impresyon nga kini nga pamilya nagpabili sa siyensya busa ipataas ang imong kamot kung gibati nimo nga nahibal-an nimo kung unsa ang naa sa syringe,
synthetic_bisaya_audio\synthetic_588.wav,wala ba gyud nimo makita kung unsa ang nahitabo dinhi?,
synthetic_bisaya_audio\synthetic_589.wav,sultihi ko,
synthetic_bisaya_audio\synthetic_590.wav,fuck you,
synthetic_bisaya_audio\synthetic_591.wav,pickle riiick!,
synthetic_bisaya_audio\synthetic_592.wav,kuhaa kanang parkour kuhaa kana nga parkour!,
synthetic_bisaya_audio\synthetic_593.wav,whoa! kinsa ni sa kasilyas?,
synthetic_bisaya_audio\synthetic_594.wav,unsa kini?,
synthetic_bisaya_audio\synthetic_595.wav,asa na?,
synthetic_bisaya_audio\synthetic_596.wav,kami adunay 34 ka armadong guwardiya,
synthetic_bisaya_audio\synthetic_597.wav,ang imong presensya sa kini nga bilding nakalapas sa internasyonal nga balaod,
synthetic_bisaya_audio\synthetic_598.wav,kinahanglan nga nahibal-an nimo nga kadtong mga lalaki nagpatay sa ilang kaugalingon,
synthetic_bisaya_audio\synthetic_599.wav,ug giunsa kana?,
synthetic_bisaya_audio\synthetic_600.wav,wala ko nila buhii,
synthetic_bisaya_audio\synthetic_601.wav,itak-op ang imong baba ug buhata ang imong mga trabaho,
synthetic_bisaya_audio\synthetic_602.wav,pipila sa akong mga tawo ang nagtawag nimo og solen'ya,
synthetic_bisaya_audio\synthetic_603.wav,swerte kana para nimo,
synthetic_bisaya_audio\synthetic_604.wav,ah,
synthetic_bisaya_audio\synthetic_605.wav,kay kining adobo walay pagtagad sa imong mga anak ug dili nako kuhaon ang ilang mga damgo dad-on nako ilang parents,
synthetic_bisaya_audio\synthetic_606.wav,adobo lang siya!,
synthetic_bisaya_audio\synthetic_607.wav,dili lang siya,
synthetic_bisaya_audio\synthetic_608.wav,unsa sa imong hunahuna ang naa sa syringe,
synthetic_bisaya_audio\synthetic_609.wav,ikaw ang nagkantidad ug $200 kada oras sultihan ko nimo,
synthetic_bisaya_audio\synthetic_610.wav,naghunahuna ang imong mga anak nga mahimo kini nga anti-pickle serum,
synthetic_bisaya_audio\synthetic_611.wav,ang akong mga anak nangihi sa ilang mga lamesa ug nagsuyop sa wala pa maluto nga mga plorera,
synthetic_bisaya_audio\synthetic_612.wav,wala gyud ko niingon nga nasuko ko nimo,
synthetic_bisaya_audio\synthetic_613.wav,dili nako trabaho ang modapig o mohukom sa imong hunahuna kung gipangayo sa imong amahan kana nga syringe,
synthetic_bisaya_audio\synthetic_614.wav,gidayeg nimo siya tungod niana,
synthetic_bisaya_audio\synthetic_615.wav,mas maayo pa kay sa paghimo sa imong mga problema nga problema sa uban,
synthetic_bisaya_audio\synthetic_616.wav,kinahanglan mahibalo ka nga dili kana orihinal,
synthetic_bisaya_audio\synthetic_617.wav,wala na koy buhaton nga makita siya pag-usab,
synthetic_bisaya_audio\synthetic_618.wav,jaguar wala makahimo niini,
synthetic_bisaya_audio\synthetic_619.wav,buhata kini okay,
synthetic_bisaya_audio\synthetic_620.wav,pickle man,
synthetic_bisaya_audio\synthetic_621.wav,patay na ang anak nga babaye ni jaguar,
synthetic_bisaya_audio\synthetic_622.wav,si jaguar usa ka mananap ikaw usa ka intelihenteng adobo makahimo mig negosyo,
synthetic_bisaya_audio\synthetic_623.wav,sa akong hunahuna dili magkita ta dayon,
synthetic_bisaya_audio\synthetic_624.wav,ania ba ang helicopter?,
synthetic_bisaya_audio\synthetic_625.wav,sultihi sila nga kami gitulis,
synthetic_bisaya_audio\synthetic_626.wav,nahadlok ko nga mapalagpot akong mga anak,
synthetic_bisaya_audio\synthetic_627.wav,good summer,
synthetic_bisaya_audio\synthetic_628.wav,nasuko ko nga dili ko makahuff enamel nga walay mga tawo nga maghunahuna nga kini tungod kay ang akong pamilya sip-on nanghinaut ko nga makita sa usa ka adlaw ingon usa ka tawo nga gusto nga motaas,
synthetic_bisaya_audio\synthetic_629.wav,good job ben,
synthetic_bisaya_audio\synthetic_630.wav,naguol ko nga nangihi ko naguol ko nga nangihi ko sa klase kay sa kasilyas,
synthetic_bisaya_audio\synthetic_631.wav,tan-awa kining pamilyaha kamo mga pro unsa ang imong hunahuna bahin sa pagbuhat niini kausa sa usa ka semana?,
synthetic_bisaya_audio\synthetic_632.wav,ugh,
synthetic_bisaya_audio\synthetic_633.wav,ikaw si daddy ben,
synthetic_bisaya_audio\synthetic_634.wav,mm-hmm,
synthetic_bisaya_audio\synthetic_635.wav,daghan kog nadunggan bahin nimo karon ang imong pamilya nabuang nimo gitahod ka sa imong anak nga babaye swerte kaayo ka,
synthetic_bisaya_audio\synthetic_636.wav,papa gusto ko nga isulti nimo kung unsa ang naa sa syringe,
synthetic_bisaya_audio\synthetic_637.wav,pinaagi sa pagbag-o kanimo gikan sa usa ka adobo ngadto sa usa ka tawo,
synthetic_bisaya_audio\synthetic_638.wav,oo,
synthetic_bisaya_audio\synthetic_639.wav,aron dili na ko kinahanglan nga moanhi dinhi,
synthetic_bisaya_audio\synthetic_640.wav,nganong dili ka gustong moanhi dinhi?,
synthetic_bisaya_audio\synthetic_641.wav,are we gonna go back?,
synthetic_bisaya_audio\synthetic_464.wav,aw! aw! gibira ko nimo pag-ayo!,male-en-2
synthetic_bisaya_audio\synthetic_465.wav,kinahanglan na ta manglakaw,male-en-2
synthetic_bisaya_audio\synthetic_466.wav,unsay imong hunahuna niininaglupad nga sakyanan,female-en-5
synthetic_bisaya_audio\synthetic_470.wav,tt-buang gyud kana!,female-en-5
synthetic_bisaya_audio\synthetic_472.wav,jessica soho? gikan sa akong klase sa math?,male-en-2
synthetic_bisaya_audio\synthetic_475.wav,ug si jessica soho mahimong eva.,female-en-5
synthetic_bisaya_audio\synthetic_476.wav,whhhh-wha?,female-en-5
synthetic_bisaya_audio\synthetic_478.wav,dili,male-en-2
synthetic_bisaya_audio\synthetic_481.wav,ikaw-dili ka angay mabalaka nga makauban ko si jessica soho o bisan unsa. sh-sh-siya siya,female-en-5
synthetic_bisaya_audio\synthetic_482.wav,wala koy labot kang jessica soho! y-yyyyyyyyyyou,male-en-2
synthetic_bisaya_audio\synthetic_483.wav,you know what,male-en-2
synthetic_bisaya_audio\synthetic_484.wav,mao namao na,male-en-2
synthetic_bisaya_audio\synthetic_485.wav,pahawa gikan kanako,male-en-2
synthetic_bisaya_audio\synthetic_491.wav,kadto?,male-en-2
synthetic_bisaya_audio\synthetic_492.wav,sure. ngano man? dili ko,male-en-2
synthetic_bisaya_audio\synthetic_494.wav,oh my god,male-en-2
synthetic_bisaya_audio\synthetic_495.wav,ben,male-en-2
synthetic_bisaya_audio\synthetic_498.wav,unsa?,male-en-2
synthetic_bisaya_audio\synthetic_499.wav,papa?,female-en-5
synthetic_bisaya_audio\synthetic_504.wav,okay,male-en-2
synthetic_bisaya_audio\synthetic_506.wav,unsa? tinuod?,female-en-5
synthetic_bisaya_audio\synthetic_508.wav,karon,female-en-5
synthetic_bisaya_audio\synthetic_510.wav,lima ug lima.,male-en-2
synthetic_bisaya_audio\synthetic_512.wav,mahimo ba nako kini ipakita kanimo?,female-en-5
synthetic_bisaya_audio\synthetic_513.wav,wow. g-gwapa silang duha. salamat!,male-en-2
synthetic_bisaya_audio\synthetic_514.wav,nasayod ka unsay akong gihinganlan niini? akong gamay nga morties.,female-en-5
synthetic_bisaya_audio\synthetic_516.wav,usba ang ngalan nila?,female-en-5
synthetic_bisaya_audio\synthetic_517.wav,suklia sila. manhandle sila. ihatag kanila ang negosyo. tan-awa kon mahimo ba nimo silang shuffle. buot ipasabot,male-en-2
synthetic_bisaya_audio\synthetic_518.wav,wow. aw,male-en-2
synthetic_bisaya_audio\synthetic_519.wav,mm. oh,female-en-5
synthetic_bisaya_audio\synthetic_527.wav,wala ko kahibalo,male-en-2
synthetic_bisaya_audio\synthetic_529.wav,buhaton ko unya,male-en-2
synthetic_bisaya_audio\synthetic_532.wav,knock,male-en-2
synthetic_bisaya_audio\synthetic_534.wav,gihatagan ko sa akong manager og usa ka oras para sa paniudto,female-en-5
synthetic_bisaya_audio\synthetic_535.wav,jerry,male-en-2
synthetic_bisaya_audio\synthetic_537.wav,whoa! unsa man ni sa salog? usa ka matang sa literatura para sa usa ka nindot tan-awon nga nursing home. hoy,male-en-2
synthetic_bisaya_audio\synthetic_538.wav,hoy,male-en-2
synthetic_bisaya_audio\synthetic_539.wav,anaa siya. sige. tara na,female-en-5
synthetic_bisaya_audio\synthetic_541.wav,holy crap,male-en-2
synthetic_bisaya_audio\synthetic_545.wav,nakita nimo kung unsa ang among nakit-an,female-en-5
synthetic_bisaya_audio\synthetic_547.wav,husto na,female-en-5
synthetic_bisaya_audio\synthetic_548.wav,daghan ka pangutana,female-en-5
synthetic_bisaya_audio\synthetic_550.wav,aaaaaahhhh!!!!!!,female-en-5
synthetic_bisaya_audio\synthetic_551.wav,kinahanglan nimong i-on,male-en-2
synthetic_bisaya_audio\synthetic_557.wav,ahem,male-en-2
synthetic_bisaya_audio\synthetic_560.wav,nagbiaybiay ka nako?! mao na,female-en-5
synthetic_bisaya_audio\synthetic_562.wav,ooh,male-en-2
synthetic_bisaya_audio\synthetic_566.wav,wow,male-en-2
synthetic_bisaya_audio\synthetic_567.wav,adunay usa lang ka problema,female-en-5
synthetic_bisaya_audio\synthetic_569.wav,adunay mga paagi aron makabalik,male-en-2
synthetic_bisaya_audio\synthetic_573.wav,ibutang sila sa sulod didto,male-en-2
synthetic_bisaya_audio\synthetic_574.wav,uuuh.,female-en-5
synthetic_bisaya_audio\synthetic_577.wav,ang tinuod mao,female-en-5
synthetic_bisaya_audio\synthetic_578.wav,unsa? nganong wala man nimo kami gipahibalo?,male-en-2
synthetic_bisaya_audio\synthetic_583.wav,naa mi gamay nga panghitabo. usa ka estudyante ang na-freeze hangtod namatay. ug walay ebidensya nga usa ka latino nga estudyante ang nagbuhat niini! gusto sa tanan nga dad-on kini sa usa ka lugar sa rasa. dili nako sila pasagdan.,female-en-5
synthetic_bisaya_audio\synthetic_584.wav,ang glarp zone kay para lang sa flarping ug unglarping.,female-en-5
synthetic_bisaya_audio\synthetic_585.wav,nagpasabot kana nga buotan sila. buotan ka nga bata,male-en-2
synthetic_bisaya_audio\synthetic_590.wav,ohhhhh!,male-en-2
synthetic_bisaya_audio\synthetic_591.wav,aaaaah!,male-en-2
synthetic_bisaya_audio\synthetic_593.wav,ooh! oh,male-en-2
synthetic_bisaya_audio\synthetic_594.wav,whoooooo!,female-en-5
synthetic_bisaya_audio\synthetic_595.wav,kinahanglan kong i-type ang mga coordinate sa among kalibutan,female-en-5
synthetic_bisaya_audio\synthetic_599.wav,holy crap! kini mao ang buang!,male-en-2
synthetic_bisaya_audio\synthetic_601.wav,ikaw si ben,male-en-2
synthetic_bisaya_audio\synthetic_602.wav,oo.,male-en-2
synthetic_bisaya_audio\synthetic_604.wav,ako usa ka masuk-anon nga amahan,male-en-2
synthetic_bisaya_audio\synthetic_605.wav,kamo kinahanglan nga dili gayud magtandog niana nga butang. labaw pa sa imong pangatarungan.,male-en-2
synthetic_bisaya_audio\synthetic_607.wav,gikuha ang usa aron mahibal-an ang usa.,female-en-5
synthetic_bisaya_audio\synthetic_609.wav,gibalhin ka namo sa nursing home.,female-en-5
synthetic_bisaya_audio\synthetic_611.wav,unsay buot ipasabot?,female-en-5
synthetic_bisaya_audio\synthetic_614.wav,iii wala mahibalo kon unsay imong gipasabot niana. mahimo ba nimo nga mas espesipiko gamay?,female-en-5
synthetic_bisaya_audio\synthetic_615.wav,ako?,male-en-2
synthetic_bisaya_audio\synthetic_618.wav,unsa man?,male-en-2
synthetic_bisaya_audio\synthetic_623.wav,walay ideya kung unsa ang imong gihisgutan.,female-en-5
synthetic_bisaya_audio\synthetic_627.wav,full disclosure,male-en-2
synthetic_bisaya_audio\synthetic_628.wav,unsa? nganong nagtan-aw ka nako? gusto ka mugawas? sa gawas?,female-en-5
synthetic_bisaya_audio\synthetic_629.wav,sa gawas?,female-en-5
synthetic_bisaya_audio\synthetic_630.wav,gibiaybiay ba ko nimo?! dali!,male-en-2
synthetic_bisaya_audio\synthetic_633.wav,akong gihunahuna ang tibuuk nga punto sa ang pagbaton og iro kay mobati nga labaw,male-en-2
synthetic_bisaya_audio\synthetic_634.wav,ha-ha!,female-en-5
synthetic_bisaya_audio\synthetic_635.wav,boy,female-en-5
synthetic_bisaya_audio\synthetic_641.wav,no way.,female-en-5
synthetic_bisaya_audio\synthetic_643.wav,www-unsa kini?,female-en-5
synthetic_bisaya_audio\synthetic_644.wav,kini usa ka gamit,male-en-2
synthetic_bisaya_audio\synthetic_647.wav,inception adunay kahulugan.,female-en-5
synthetic_bisaya_audio\synthetic_648.wav,dili nimo kinahanglan nga sulayan nga mapabilib ako,female-en-5
synthetic_bisaya_audio\synthetic_649.wav,sus,male-en-2
synthetic_bisaya_audio\synthetic_653.wav,wala ka kaila nako!,male-en-2
synthetic_bisaya_audio\synthetic_654.wav,uh-oh! spoiler!,male-en-2
synthetic_bisaya_audio\synthetic_657.wav,wheat thins. wheat thins.,female-en-5
synthetic_bisaya_audio\synthetic_658.wav,kuhaon,female-en-5
synthetic_bisaya_audio\synthetic_659.wav,paulbo kini.,male-en-2
synthetic_bisaya_audio\synthetic_661.wav,mas maayo nga hunongon na nimo kana.,female-en-5
synthetic_bisaya_audio\synthetic_666.wav,aaaaaaaaaaaaaaaaaaaaaaaahhhhhhhhhhhhhhhh!!!!!!!!!!!!!!!!!!!,male-en-2
synthetic_bisaya_audio\synthetic_670.wav,wag ka nga baby! likayan nimo nga mapusilan sa tinuod nga kinabuhi sa tanang panahon,male-en-2
synthetic_bisaya_audio\synthetic_674.wav,ooowwwwowowwaawaa!,male-en-2
synthetic_bisaya_audio\synthetic_675.wav,aaaawwaaaaawaawa!,male-en-2
synthetic_bisaya_audio\synthetic_676.wav,ooooyayawawa!,male-en-2
synthetic_bisaya_audio\synthetic_679.wav,hmm?,male-en-2
synthetic_bisaya_audio\synthetic_681.wav,tungod kay pareho ming mga hamtong nga makatarunganon nga dili gusto nga adunay daotan nga mahitabo. ug tungod kay ako adunay taming sa tawo.,male-en-2
synthetic_bisaya_audio\synthetic_682.wav,mrs. pancakes! aaaaaaaahhhhh!!!!!,female-en-5
synthetic_bisaya_audio\synthetic_684.wav,whooooa! whoooooooa! whoa! whoooooooaaaaaaaa!,female-en-5
synthetic_bisaya_audio\synthetic_685.wav,aaaaaaaaaaaaaaaaaaaaaaaahhhhhhhhhh!!!!!!!!!!,male-en-2
synthetic_bisaya_audio\synthetic_687.wav,pretty concise,female-en-5
synthetic_bisaya_audio\synthetic_688.wav,wala ka kabalo m-,male-en-2
synthetic_bisaya_audio\synthetic_689.wav,ayaw paghukom,male-en-2
synthetic_bisaya_audio\synthetic_691.wav,whoa,male-en-2
synthetic_bisaya_audio\synthetic_692.wav,pasayloa ko. dili,female-en-5
synthetic_bisaya_audio\synthetic_693.wav,whoa!,male-en-2
synthetic_bisaya_audio\synthetic_698.wav,unsa man? ang damgo nga bersyon ni goldenfold sa mrs.,female-en-5
synthetic_bisaya_audio\synthetic_700.wav,ooooooohhhhh! holy crap!,female-en-5
synthetic_bisaya_audio\synthetic_701.wav,looks sama sa usa ka matang sa legal nga luwas nga knock-off sa usa ka '80s horror character nga adunay gagmay nga mga espada alang sa mga tudlo imbes mga kutsilyo.,male-en-2
synthetic_bisaya_audio\synthetic_703.wav,whoa! uy,male-en-2
synthetic_bisaya_audio\synthetic_704.wav,snuffles fix. make better.,female-en-5
synthetic_bisaya_audio\synthetic_706.wav,snuffles gusto sabton.snuffles kinahanglan,female-en-5
synthetic_bisaya_audio\synthetic_707.wav,ngano dili?,female-en-5
synthetic_bisaya_audio\synthetic_708.wav,wala ko kabalo. indian nga paghatag.402,male-en-2
synthetic_bisaya_audio\synthetic_709.wav,holy crap! kinahanglan kitang moikyas ngadto sa mga damgo sa uban,female-en-5
synthetic_bisaya_audio\synthetic_712.wav,nagkatawa ka? kini pag-usab? oh,male-en-2
synthetic_bisaya_audio\synthetic_713.wav,way lain gawas sa kahadlok gikan dinhi,male-en-2
synthetic_bisaya_audio\synthetic_715.wav,holy crap,female-en-5
synthetic_bisaya_audio\synthetic_716.wav,hain man ang akong testicles,male-en-2
synthetic_bisaya_audio\synthetic_717.wav,ayaw kog tawga nga ingon ana!,male-en-2
synthetic_bisaya_audio\synthetic_718.wav,snuffles akong slave name. tawgon ko nimog snowball,male-en-2
synthetic_bisaya_audio\synthetic_720.wav,aaaaaaahhh!!!!!,male-en-2
synthetic_bisaya_audio\synthetic_721.wav,sultihi ko,female-en-5
synthetic_bisaya_audio\synthetic_723.wav,hoy. oh,female-en-5
synthetic_bisaya_audio\synthetic_724.wav,yeah. totally. adto na,male-en-2
synthetic_bisaya_audio\synthetic_729.wav,tawo,male-en-2
synthetic_bisaya_audio\synthetic_730.wav,makadagan ka,male-en-2
synthetic_bisaya_audio\synthetic_732.wav,apan kana ang kaatbang sa unsa-,male-en-2
synthetic_bisaya_audio\synthetic_736.wav,pay,male-en-2
synthetic_bisaya_audio\synthetic_737.wav,agresibo kaayo ka,male-en-2
synthetic_bisaya_audio\synthetic_739.wav,dili ko gusto nga hisgutan kini!,male-en-2
synthetic_bisaya_audio\synthetic_747.wav,kanunay kong gidumtan.nga kanta!,female-en-5
synthetic_bisaya_audio\synthetic_749.wav,ang sekso sagrado!,female-en-5
synthetic_bisaya_audio\synthetic_751.wav,holy crap! daoton! nahibal-an ko ang usa ka butang nga sigurado nga gihatagan nako si ben oga sa matematika,male-en-2
synthetic_bisaya_audio\synthetic_754.wav,dili ko makatuo kung giunsa mean snuffles nakuha tungod lang kay siya maalamon.,female-en-5
synthetic_bisaya_audio\synthetic_757.wav,- dad!- daddy ben!,female-en-5
synthetic_bisaya_audio\synthetic_765.wav,damgo kini,female-en-5
synthetic_bisaya_audio\synthetic_767.wav,ï¿½unom ka oras na ang milabay. ang mga damgo nagpalihok sa usa ka gatos nga katulin sa reyalidad,male-en-2
synthetic_bisaya_audio\synthetic_769.wav,close.,female-en-5
synthetic_bisaya_audio\synthetic_774.wav,kami dili sila! kami dili sila.,male-en-2
synthetic_bisaya_audio\synthetic_777.wav,mahimo nimo akong tawgon nga snuffles,male-en-2
synthetic_bisaya_audio\synthetic_778.wav,pasayloa ko. sama ra sa katapusan saold yeller.,female-en-5
synthetic_bisaya_audio\synthetic_779.wav,wow! usa ka tibuok kalibutan nga gipuy-an sa intelihente nga mga iro. ambot kon unsay mahitabo,male-en-2
synthetic_bisaya_audio\synthetic_780.wav,sa akong hunahuna kini maayo,female-en-5
synthetic_bisaya_audio\synthetic_783.wav,oooh!ang imong damgo,male-en-2
synthetic_bisaya_audio\synthetic_787.wav,ugghh,male-en-2
synthetic_bisaya_audio\synthetic_793.wav,ahhh,female-en-5
synthetic_bisaya_audio\synthetic_795.wav,pasayloa ko,male-en-2
synthetic_bisaya_audio\synthetic_797.wav,maayo ang akong kaminyoon,male-en-2
synthetic_bisaya_audio\synthetic_798.wav,kakahibaw mo unsa,female-en-5
synthetic_bisaya_audio\synthetic_803.wav,heck yeah! salamat,male-en-2
synthetic_bisaya_audio\synthetic_805.wav,ugh,male-en-2
synthetic_bisaya_audio\synthetic_807.wav,want kinda question is that?,female-en-5
synthetic_bisaya_audio\synthetic_808.wav,theyes orno kind.,female-en-5
synthetic_bisaya_audio\synthetic_812.wav,unya unsa man ang kapuslanan saoo?,female-en-5
synthetic_bisaya_audio\synthetic_813.wav,ang paghigugma kanimo trabaho,male-en-2
synthetic_bisaya_audio\synthetic_816.wav,this late?,male-en-2
synthetic_bisaya_audio\synthetic_817.wav,naay starlit derby ang racetrack,male-en-2
synthetic_bisaya_audio\synthetic_819.wav,wow,female-en-5
synthetic_bisaya_audio\synthetic_821.wav,oh tawo. i love you too,female-en-5
synthetic_bisaya_audio\synthetic_822.wav,nahasol ka ba ani nga punk,female-en-5
synthetic_bisaya_audio\synthetic_827.wav,balik gani ko nga mauban sa akong lalaki!,male-en-2
synthetic_bisaya_audio\synthetic_828.wav,tama na bradley.dili mi gusto nga masamdan nimo imong bukton nga naglabay ug,male-en-2
synthetic_bisaya_audio\synthetic_829.wav,ayaw kog biyai,male-en-2
synthetic_bisaya_audio\synthetic_832.wav,mag-inusara siya sa maong lalaki sa tibuok,female-en-5
synthetic_bisaya_audio\synthetic_833.wav,pagdali ben,female-en-5
synthetic_bisaya_audio\synthetic_835.wav,unya nasayop ka sulod sa unom ka bulan. oh,male-en-2
synthetic_bisaya_audio\synthetic_839.wav,usa ka may katakus.,male-en-2
synthetic_bisaya_audio\synthetic_841.wav,ang atong panahon mahimong dili lig-on? unsa man ang gipasabut niana?,female-en-5
synthetic_bisaya_audio\synthetic_842.wav,nagpasabot kini nga relaks ug hunong na sa pagka puki,male-en-2
synthetic_bisaya_audio\synthetic_843.wav,wait a minute,male-en-2
synthetic_bisaya_audio\synthetic_844.wav,ug lakaw na ta!,female-en-5
synthetic_bisaya_audio\synthetic_848.wav,summer,male-en-2
synthetic_bisaya_audio\synthetic_849.wav,m-gimingaw lang kaayo mi nimo.,male-en-2
synthetic_bisaya_audio\synthetic_850.wav,oo literal nga makaguba nila. karon paminaw,male-en-2
synthetic_bisaya_audio\synthetic_851.wav,mas maayo nga dili kini suborno. kung makit-an nako ang usa ka butang nga wala sa lugar niini nga balay,male-en-2
synthetic_bisaya_audio\synthetic_854.wav,uh oh.,male-en-2
synthetic_bisaya_audio\synthetic_855.wav,phew,male-en-2
synthetic_bisaya_audio\synthetic_856.wav,tawo kanang tawhana mao ang pula nga grin grumble nga nagpakaaron-ingnon nga nahibal-an niya. unsay nahitabo. oh uyon ka,male-en-2
synthetic_bisaya_audio\synthetic_859.wav,yeah huh!,male-en-2
synthetic_bisaya_audio\synthetic_862.wav,shut up ben,male-en-2
synthetic_bisaya_audio\synthetic_863.wav,you shut up you dako babayeng asshole!,male-en-2
synthetic_bisaya_audio\synthetic_865.wav,wala ka nabuhat?,female-en-5
synthetic_bisaya_audio\synthetic_866.wav,unsa ang imo?,female-en-5
synthetic_bisaya_audio\synthetic_867.wav,paghilom ka!,male-en-2
synthetic_bisaya_audio\synthetic_868.wav,whoa whoa what-unsa impyerno impyerno?,male-en-2
synthetic_bisaya_audio\synthetic_870.wav,wala ba kaninyoy kasigurohan sa bisan unsang butang karon lang?,male-en-2
synthetic_bisaya_audio\synthetic_877.wav,unsay nahitabo grampa?,female-en-5
synthetic_bisaya_audio\synthetic_878.wav,shut up! oh crap gibiaybiay ba ko nimo? duha ka tuldok? dili kinahanglan nga labaw pa sa usa ka tuldok kamong duha naghimo kanamong walay kasigurohan!,male-en-2
synthetic_bisaya_audio\synthetic_879.wav,unsay buot nimong ipasabot?,female-en-5
synthetic_bisaya_audio\synthetic_880.wav,unsa? sa english?,male-en-2
synthetic_bisaya_audio\synthetic_882.wav,ang atong panahon nabali.kamong duha sa usa ka paagi nakamugna ug feedback loop sa kawalay kasiguruhan nga nagbahin sa atong realidad ngadto sa duha parehas nga posible nga mga imposible. k-kita sama gyud sa usa ka lalaki nga makahimo sa pagpadayon sa usa ka platonic nga panaghigalaay sa usa ka madanihon nga babaye nga kauban sa trabaho. kami hingpit nga hypothetical.,female-en-5
synthetic_bisaya_audio\synthetic_883.wav,apan ako naghunahuna nga adunay walay katapusan nga mga timeline.,male-en-2
synthetic_bisaya_audio\synthetic_885.wav,katong mga iring?,male-en-2
synthetic_bisaya_audio\synthetic_888.wav,cold stone creamery ang labing kaayo. unsay angay natong buhaton sa nahibilin natong baynte dolyares?,female-en-5
synthetic_bisaya_audio\synthetic_891.wav,naigo ko og usa! k-kinahanglan namong isulti ang mga polis nga imong gimaneho.,female-en-5
synthetic_bisaya_audio\synthetic_892.wav,a-unsa?,male-en-2
synthetic_bisaya_audio\synthetic_893.wav,kini ang rum raisin!,female-en-5
synthetic_bisaya_audio\synthetic_894.wav,buhi pa.,female-en-5
synthetic_bisaya_audio\synthetic_898.wav,it's okay,male-en-2
synthetic_bisaya_audio\synthetic_900.wav,oo beth.,male-en-2
synthetic_bisaya_audio\synthetic_901.wav,mao kini ang hinungdan nga dili ka mag-freeze sa oras,female-en-5
synthetic_bisaya_audio\synthetic_905.wav,bisan unsa imong ipangutana,male-en-2
synthetic_bisaya_audio\synthetic_906.wav,huh,male-en-2
synthetic_bisaya_audio\synthetic_907.wav,oh shit.,female-en-5
synthetic_bisaya_audio\synthetic_909.wav,good i'm glad it was painful. you do deserve it! nakita ko nimo,male-en-2
synthetic_bisaya_audio\synthetic_910.wav,aw dili gyud nimo mapasayon,female-en-5
synthetic_bisaya_audio\synthetic_912.wav,pirme ko nimo gisakyan ug karon naay mohalok sa imong asno!,female-en-5
synthetic_bisaya_audio\synthetic_917.wav,mao kana ang akong nars,female-en-5
synthetic_bisaya_audio\synthetic_918.wav,isip usa ka beterinaryo,female-en-5
synthetic_bisaya_audio\synthetic_919.wav,geez,female-en-5
synthetic_bisaya_audio\synthetic_921.wav,i mean gipusil na. uban sa pusil.,male-en-2
synthetic_bisaya_audio\synthetic_922.wav,mahimo ba ko nga makatabang kanimo,female-en-5
synthetic_bisaya_audio\synthetic_923.wav,sa imong mga damgo,male-en-2
synthetic_bisaya_audio\synthetic_926.wav,no.,male-en-2
synthetic_bisaya_audio\synthetic_929.wav,pagluwas sa atong kinabuhi. human niya ako pagawason siya moadto alang kanimo!,male-en-2
synthetic_bisaya_audio\synthetic_931.wav,ako!,male-en-2
synthetic_bisaya_audio\synthetic_932.wav,ahh!,female-en-5
synthetic_bisaya_audio\synthetic_933.wav,whoa whoa!,female-en-5
synthetic_bisaya_audio\synthetic_935.wav,ikaw nga anak sa usa ka bitch,female-en-5
synthetic_bisaya_audio\synthetic_936.wav,kinsa ni karon?,male-en-2
synthetic_bisaya_audio\synthetic_937.wav,kasagaran siya nagtrabaho sa mga kabayo.,male-en-2
synthetic_bisaya_audio\synthetic_938.wav,jesus,female-en-5
synthetic_bisaya_audio\synthetic_939.wav,shh shh kabalo ko asa ka,female-en-5
synthetic_bisaya_audio\synthetic_940.wav,holy shit,male-en-2
synthetic_bisaya_audio\synthetic_941.wav,aw kung ang tanan nako na-knockout ang tanan nga daddy bens,male-en-2
synthetic_bisaya_audio\synthetic_942.wav,tama.,female-en-5
synthetic_bisaya_audio\synthetic_945.wav,sa akong hunahuna sigurado ako nga f'd kami sa a.,male-en-2
synthetic_bisaya_audio\synthetic_946.wav,gibutang ka namo sa usa ka crate sa iro tungod kay nagbinuang ka,female-en-5
synthetic_bisaya_audio\synthetic_947.wav,gisulayan nimo ang pagpatay sa imong kaugalingon!,male-en-2
synthetic_bisaya_audio\synthetic_951.wav,gitawag ko ang akong kaugalingon. dinhi,male-en-2
synthetic_bisaya_audio\synthetic_952.wav,ayaw pag-ilog niini,female-en-5
synthetic_bisaya_audio\synthetic_953.wav,hoy daddy ben,female-en-5
synthetic_bisaya_audio\synthetic_954.wav,fine ako ra mismo ang mobuhat.,female-en-5
synthetic_bisaya_audio\synthetic_957.wav,kini usa ka mangtas!,male-en-2
synthetic_bisaya_audio\synthetic_959.wav,unsa man?! ang imong oras kay giguba sa impyerno! giputol nimo ang imong oras,male-en-2
synthetic_bisaya_audio\synthetic_960.wav,giunsa kini nahitabo?,male-en-2
synthetic_bisaya_audio\synthetic_961.wav,shut the fuck up! oh,female-en-5
synthetic_bisaya_audio\synthetic_962.wav,oh way to go,male-en-2
synthetic_bisaya_audio\synthetic_963.wav,oo grampa,female-en-5
synthetic_bisaya_audio\synthetic_964.wav,paghilom. dinhi,male-en-2
synthetic_bisaya_audio\synthetic_969.wav,panahon nga bilanggoan?,female-en-5
synthetic_bisaya_audio\synthetic_970.wav,gikawat nimo ang usa ka oras nga nagyelo nga kristal gikan sa mga testicle nga monster?,female-en-5
synthetic_bisaya_audio\synthetic_971.wav,malipayon unta ko nga mobayad niini,male-en-2
synthetic_bisaya_audio\synthetic_974.wav,wala bay kuting sa dapit nga nanginahanglan ug manicure?,female-en-5
synthetic_bisaya_audio\synthetic_975.wav,honey,female-en-5
synthetic_bisaya_audio\synthetic_976.wav,sa akong hunahuna kana ang katapusan niana.,male-en-2
synthetic_bisaya_audio\synthetic_978.wav,uh-huh,female-en-5
synthetic_bisaya_audio\synthetic_980.wav,sa imong hunahuna gusto ko nga mahimong usa ka omniscient imortal nga molapas sa oras ug luna sa tibuok nakong kinabuhi? naa koy mga ambisyon nga lalaki,male-en-2
synthetic_bisaya_audio\synthetic_981.wav,unsa kaha kon sultihan ko ikaw nga adunay usa ka dako nga tiket sa imong luyo?,male-en-2
synthetic_bisaya_audio\synthetic_983.wav,dili ko makiglalis niana.,female-en-5
synthetic_bisaya_audio\synthetic_984.wav,chris!,female-en-5
synthetic_bisaya_audio\synthetic_985.wav,gipatay nimo akong pusil!,female-en-5
synthetic_bisaya_audio\synthetic_987.wav,maayong pangutana. nagtuo ko nga ang tubag mao ang,male-en-2
synthetic_bisaya_audio\synthetic_988.wav,lis- ay,male-en-2
synthetic_bisaya_audio\synthetic_992.wav,usa ka katapusan nga paghunong.,male-en-2
synthetic_bisaya_audio\synthetic_996.wav,gitan-aw nako siya. salamat sa pag fd nako nga ingon ana.,male-en-2
synthetic_bisaya_audio\synthetic_999.wav,woohoo! whoo! whoo!,female-en-5
synthetic_bisaya_audio\synthetic_1000.wav,you know what i'm talking about,female-en-5
synthetic_bisaya_audio\synthetic_1003.wav,wala ko kabalo. sa akong hunahuna ang usa ka kan-uman ug kwatro sa akong mga kwelyo wala molihok. lisud nga magpabilin nga tul-id karon nga adunay kan-uman ug tulo pa nga mga panumduman sa tanan.,male-en-2
synthetic_bisaya_audio\synthetic_1005.wav,shut up,male-en-2
synthetic_bisaya_audio\synthetic_1006.wav,hoy guys,male-en-2
synthetic_bisaya_audio\synthetic_1007.wav,power rangers ba kamo? apan sa usa lang ka gamay nga bahin sa inyong mga liog? uy,male-en-2
synthetic_bisaya_audio\synthetic_1010.wav,dili. sakit kaayo.,male-en-2
synthetic_bisaya_audio\synthetic_1013.wav,hoy tawo,female-en-5
synthetic_bisaya_audio\synthetic_1014.wav,gisultihan ko ikaw nga milabay sa mga dinosaur.,male-en-2
synthetic_bisaya_audio\synthetic_1016.wav,anaa siya,female-en-5
synthetic_bisaya_audio\synthetic_1017.wav,ang lansis sa cereal mao ang pagtipig sa 70% niini labaw sa gatas.,male-en-2
synthetic_bisaya_audio\synthetic_1018.wav,gross,male-en-2
synthetic_bisaya_audio\synthetic_1019.wav,ughhhh belchflies padulong sa atubangan nga pultahan mitalikod ug misulod pag-usab sa dining roomscoffsnaglupadlupad sa ibabaw ni jerry ug hingpit nga gitulod siya ngadto sa ilawom sa wala pa molupad palayo agi sa bukas nga pultahan sa atubangan ug ngadto sa langitmidagan paingon sa atubangan nga pultahanfollow beth nagtan-aw sa langitnagkaon gihapon ug cereal nagtangtang ug nag-inom sa scotch flaskben waveskissing sa kamot ni beth naggunit ug suit sa usa ka dry cleaning bag* ang imong pinulongan adunay 'squanch,female-en-5
synthetic_bisaya_audio\synthetic_1020.wav,unsa? akong gibuhat,female-en-5
synthetic_bisaya_audio\synthetic_1022.wav,uhh,male-en-2
synthetic_bisaya_audio\synthetic_1023.wav,ang pentagon. buot ipasabot,female-en-5
synthetic_bisaya_audio\synthetic_1024.wav,diyos ba?,male-en-2
synthetic_bisaya_audio\synthetic_1027.wav,ben ug ako motan-aw niini. kupot mog maayo.,male-en-2
synthetic_bisaya_audio\synthetic_1032.wav,nakasulay ka na ba sa pagpadala niini og mga launch code? mr. president,male-en-2
synthetic_bisaya_audio\synthetic_1034.wav,barug. tindog ang tanan! ako ang lider niining mga tawhana ug ako walay armas. wala na kinahanglana pa ang paghimog bitin.,male-en-2
synthetic_bisaya_audio\synthetic_1035.wav,ako si daddy ben sanchez. ania ang akong apo nga si ben.,female-en-5
synthetic_bisaya_audio\synthetic_1041.wav,unsa? sa unsang paagi kini posible? mamatay ra ba ang mga tawo kung nganlan ko sila?,female-en-5
synthetic_bisaya_audio\synthetic_1042.wav,dear god.,female-en-5
synthetic_bisaya_audio\synthetic_1046.wav,dad-a kining tawhana ug ang iyang apo sa blackhawk ngadto sa area 51.,male-en-2
synthetic_bisaya_audio\synthetic_1047.wav,ohhhh,male-en-2
synthetic_bisaya_audio\synthetic_1048.wav,daddy ben,male-en-2
synthetic_bisaya_audio\synthetic_1049.wav,kinsa ang dili musikero,male-en-2
synthetic_bisaya_audio\synthetic_1051.wav,higante nga ulo sa langit,female-en-5
synthetic_bisaya_audio\synthetic_1052.wav,ben! ang maayong musika gikan sa mga tawo nga relaks. pindota lang,female-en-5
synthetic_bisaya_audio\synthetic_1057.wav,huboa imong karsones ug panty shit sa salog oras para maka schwifty diri ako si mr. bulldops,male-en-2
synthetic_bisaya_audio\synthetic_1058.wav,mr. mga bulldops?,female-en-5
synthetic_bisaya_audio\synthetic_1059.wav,ayaw kini pag-analisa,female-en-5
synthetic_bisaya_audio\synthetic_1060.wav,bahala ka sa salog oras na para makasulod diri,female-en-5
synthetic_bisaya_audio\synthetic_1063.wav,karon huwata kadiyot,male-en-2
synthetic_bisaya_audio\synthetic_1064.wav,unsa man ang nahitabo?,female-en-5
synthetic_bisaya_audio\synthetic_1066.wav,ang ulo mibiya ug nagpadala sa iyang mga anak!,male-en-2
synthetic_bisaya_audio\synthetic_1067.wav,holy crap!,male-en-2
synthetic_bisaya_audio\synthetic_1070.wav,welcome back sa planet music! una,female-en-5
synthetic_bisaya_audio\synthetic_1072.wav,adunay usa matag season. pagbalhin ngadto sa planetang arbolez meterosos. arbolian meterososians. ipakita namo kung unsay naa nimo.,female-en-5
synthetic_bisaya_audio\synthetic_1074.wav,genius happens in the moment,female-en-5
synthetic_bisaya_audio\synthetic_1078.wav,ug unsay imong plano,male-en-2
synthetic_bisaya_audio\synthetic_1079.wav,adunay pa kami nukleyar nga kapilian. sa akong pulong,female-en-5
synthetic_bisaya_audio\synthetic_1081.wav,kinahanglan kitang mag-empake ug mobiya sa lungsod karon.,male-en-2
synthetic_bisaya_audio\synthetic_1084.wav,ania ang imoha! nay,female-en-5
synthetic_bisaya_audio\synthetic_1087.wav,padre,male-en-2
synthetic_bisaya_audio\synthetic_1088.wav,sure! adto ta sa pagkayab. a-a-unsa kini?,male-en-2
synthetic_bisaya_audio\synthetic_1089.wav,among gipadala kining mga dili gusto sa langit aron sila masuyop sa daghang mga ulo,female-en-5
synthetic_bisaya_audio\synthetic_1092.wav,kinsa ang mokuha og ulang para makakita sa iron man 3?,male-en-2
synthetic_bisaya_audio\synthetic_1094.wav,mao na!,female-en-5
synthetic_bisaya_audio\synthetic_1095.wav,namakak ka! namakak ka bahin sa sumbong! nagtinapulan ka lang! balik kamo! lingkod!,female-en-5
synthetic_bisaya_audio\synthetic_1096.wav,pangitaon ko si mama ug papa.,female-en-5
synthetic_bisaya_audio\synthetic_1100.wav,hi folks,female-en-5
synthetic_bisaya_audio\synthetic_1101.wav,magsugod na kog panihapon!,male-en-2
synthetic_bisaya_audio\synthetic_1103.wav,nakadaog siya sa matag pagsulay sa klase sa patatas,male-en-2
synthetic_bisaya_audio\synthetic_1104.wav,dili na siya buntis o nagdroga o dili curfew,female-en-5
synthetic_bisaya_audio\synthetic_1105.wav,dili kana among negosyo basta ang summer molambo!,female-en-5
synthetic_bisaya_audio\synthetic_1107.wav,nindot kana,male-en-2
synthetic_bisaya_audio\synthetic_1109.wav,siyempre,female-en-5
synthetic_bisaya_audio\synthetic_1112.wav,u-unsa sa imong hunahuna,female-en-5
synthetic_bisaya_audio\synthetic_1113.wav,shit. over-developed,female-en-5
synthetic_bisaya_audio\synthetic_1114.wav,ice,male-en-2
synthetic_bisaya_audio\synthetic_1117.wav,unsa man? mahimo ka ba nga mahimong yelo?,male-en-2
synthetic_bisaya_audio\synthetic_1119.wav,kuhaa ko,male-en-2
synthetic_bisaya_audio\synthetic_1124.wav,nagtuo ko nga ma-access nako ang kasaysayan sa pusil ni daddy ben ug makatabang nimo nga makabalik ngadto kaniya.,male-en-2
synthetic_bisaya_audio\synthetic_1125.wav,apan mahimo ba nimo akong tabangan nga makaadto sa akong pamilya? nahibal-an nimo,male-en-2
synthetic_bisaya_audio\synthetic_1127.wav,tanan nga mga lihok ni daddy ben mga dick moves! a-unsa akong gikaon? unsa ni,male-en-2
synthetic_bisaya_audio\synthetic_1128.wav,kini usa ka random nga mga tinumpag. nakit-an nako sa akong carpet. wala ko kahibalo kung unsa ang gikaon sa tawo.,female-en-5
synthetic_bisaya_audio\synthetic_1129.wav,ayawg saba,male-en-2
synthetic_bisaya_audio\synthetic_1130.wav,tammy grabe. birdperson,male-en-2
synthetic_bisaya_audio\synthetic_1131.wav,unsa kana? kinsa kana nga bata?,male-en-2
synthetic_bisaya_audio\synthetic_1132.wav,kadto si chunky tunk nga adunayfull ming mong,female-en-5
synthetic_bisaya_audio\synthetic_1133.wav,oh dios! taas na mi?!?!,male-en-2
synthetic_bisaya_audio\synthetic_1136.wav,headism usa ka hit. gidala namo kini sa tibuok kalibutan ug gusto namo nga si jerry mahimongulo sa advertising sa among simbahan.,male-en-2
synthetic_bisaya_audio\synthetic_1137.wav,ikawgusto?,female-en-5
synthetic_bisaya_audio\synthetic_1138.wav,mao na akong damgo! mao na akong damgo.,female-en-5
synthetic_bisaya_audio\synthetic_1140.wav,dili gyud.,male-en-2
synthetic_bisaya_audio\synthetic_1141.wav,nagpaabot mig 16 ka tuig nga respetuhon kami sa among anak,male-en-2
synthetic_bisaya_audio\synthetic_1142.wav,atong pahimuslan ang atong kahigayonan nga padak-on siya nga walay mga bag-ong trabaho gawas sa relihiyon nga nakabase sa patatas. ug nahibal-an nimo kung unsa? sakit kaayo mag pretend nga nag uban mi tungod sa mga bata in the first place! gipakasal ko nimo tungod kay ikaw ang gihigugma sa akong kinabuhi!,male-en-2
synthetic_bisaya_audio\synthetic_1145.wav,maayo ka! mobalik ka isip mga bata!,female-en-5
synthetic_bisaya_audio\synthetic_1147.wav,hello? naa bay tawo dinhi? ginoong presidente!,male-en-2
synthetic_bisaya_audio\synthetic_1151.wav,oh dios ko! cc-makalupad ka ug blackhawk?,female-en-5
synthetic_bisaya_audio\synthetic_1154.wav,eksakto!,male-en-2
synthetic_bisaya_audio\synthetic_1155.wav,ipakita kung unsay naa nimo.,female-en-5
synthetic_bisaya_audio\synthetic_1156.wav,ahem. uhhh lop-oo-lop-oo-lop-oo-dups,male-en-2
synthetic_bisaya_audio\synthetic_1157.wav,headward nga libre karon aron mobangon!,female-en-5
synthetic_bisaya_audio\synthetic_1158.wav,hoy! tan-awa ang mga ulo! morag nasuko ang mga ulo!,female-en-5
synthetic_bisaya_audio\synthetic_1159.wav,daotan gyud ko niini,male-en-2
synthetic_bisaya_audio\synthetic_1162.wav,sigurado ko nga adunayï¿½ kana walay labot niini.,female-en-5
synthetic_bisaya_audio\synthetic_1163.wav,ang mga ulo wala mahimuot!,female-en-5
synthetic_bisaya_audio\synthetic_1168.wav,ilunsad lang ang mga misil!,female-en-5
synthetic_bisaya_audio\synthetic_1173.wav,unsay imong isulti,male-en-2
synthetic_bisaya_audio\synthetic_1174.wav,ingon ko buhaton nato!,female-en-5
synthetic_bisaya_audio\synthetic_1175.wav,sige!,male-en-2
synthetic_bisaya_audio\synthetic_1179.wav,pagkahuman sa 988 ka season sa planet music,female-en-5
synthetic_bisaya_audio\synthetic_1181.wav,heeeeellllpppp!!!!!,male-en-2
synthetic_bisaya_audio\synthetic_1185.wav,nasabtan.,female-en-5
synthetic_bisaya_audio\synthetic_1189.wav,gihigugma ko kini nga tawo!,male-en-2
synthetic_bisaya_audio\synthetic_1190.wav,magnesium-j,female-en-5
synthetic_bisaya_audio\synthetic_1191.wav,nausab ko. andam ko nga makig-uban pag-usab sa akong mga kaigsoonan sa alphabetrium.,male-en-2
synthetic_bisaya_audio\synthetic_1193.wav,woahh!,female-en-5
synthetic_bisaya_audio\synthetic_1194.wav,ooo bantayi kanang mga butanga. mamantsa kini kon kini mabutang sa imong sinina,male-en-2
synthetic_bisaya_audio\synthetic_1195.wav,nganong ibutang nimo ang mutant bacteria sa usa ka pint nga cherry garcia?,male-en-2
synthetic_bisaya_audio\synthetic_1196.wav,nahibal-an ko nga dili pa kini ang oras,male-en-2
synthetic_bisaya_audio\synthetic_1197.wav,dili na.,female-en-5
synthetic_bisaya_audio\synthetic_1199.wav,sige ra,male-en-2
synthetic_bisaya_audio\synthetic_1202.wav,adto sa waiting room,male-en-2
synthetic_bisaya_audio\synthetic_1203.wav,usa ka sequel.,female-en-5
synthetic_bisaya_audio\synthetic_1208.wav,aw traynta y nuwebe ka tuig na kaayo ka,female-en-5
synthetic_bisaya_audio\synthetic_1210.wav,relax mr. smith,female-en-5
synthetic_bisaya_audio\synthetic_1211.wav,my goodness.,female-en-5
synthetic_bisaya_audio\synthetic_1214.wav,yes i will! tama na,male-en-2
synthetic_bisaya_audio\synthetic_1215.wav,huh? uh,female-en-5
synthetic_bisaya_audio\synthetic_1216.wav,ben atong-tan-awon nato kung unsa pa ang naa.,male-en-2
synthetic_bisaya_audio\synthetic_1217.wav,okay.,male-en-2
synthetic_bisaya_audio\synthetic_1219.wav,kana ba ang angay natong kabalak-an?,female-en-5
synthetic_bisaya_audio\synthetic_1220.wav,pahilayo lang sa makina sa kape.,female-en-5
synthetic_bisaya_audio\synthetic_1221.wav,sa usa ka kalibutan,female-en-5
synthetic_bisaya_audio\synthetic_1222.wav,ug napulo ug unom ka quadrant. adunay igo ra nga oras alang sa usa ka jan-michael vincent nga makaabut sa usa ka kuwadrante. dili siya mahimo sa duha ka quadrant sa usa ka higayon.,male-en-2
synthetic_bisaya_audio\synthetic_1224.wav,jan-michael vincent's kay nahurot na.,male-en-2
synthetic_bisaya_audio\synthetic_1225.wav,importante ba nga mahibal-an nato kung kinsa si jan-michael vincent aron makuha kini?,female-en-5
synthetic_bisaya_audio\synthetic_1228.wav,kana si jan-michaels.,male-en-2
synthetic_bisaya_audio\synthetic_1230.wav,busa,male-en-2
synthetic_bisaya_audio\synthetic_1232.wav,gibilin ang usa ka partial nga gitas-on sa naputol nga urethra nga,female-en-5
synthetic_bisaya_audio\synthetic_1237.wav,unsa!?!,male-en-2
synthetic_bisaya_audio\synthetic_1239.wav,ang iyang kinatawo pulihan sa usa ka sopistikado nga prosthetic,male-en-2
synthetic_bisaya_audio\synthetic_1242.wav,adunay mga nagtuo,female-en-5
synthetic_bisaya_audio\synthetic_1248.wav,nakuha nimo.,female-en-5
synthetic_bisaya_audio\synthetic_1251.wav,o ang serye 9000 kay himoon kini nga mush.,female-en-5
synthetic_bisaya_audio\synthetic_1253.wav,midayeg ko nimo,male-en-2
synthetic_bisaya_audio\synthetic_1256.wav,kinsay nagpakabana kung unsa ka taas ang ilang promosyon kanimo? ang tanan gibayran lang sa mga pildoras.,male-en-2
synthetic_bisaya_audio\synthetic_1257.wav,ting-init,female-en-5
synthetic_bisaya_audio\synthetic_1262.wav,willem dafoe! k-mao kana ang lalaki nga wala nako mahunahuna karong buntaga.,female-en-5
synthetic_bisaya_audio\synthetic_1263.wav,ayaw paghimo sa akong sayop,female-en-5
synthetic_bisaya_audio\synthetic_1265.wav,ooh!,female-en-5
synthetic_bisaya_audio\synthetic_1266.wav,' ooh,male-en-2
synthetic_bisaya_audio\synthetic_1269.wav,kung magpabilin ta dinhi,female-en-5
synthetic_bisaya_audio\synthetic_1270.wav,ang adlaw nga naimbento nako ang portal gun mao ang adlaw nga nawala siya nako.,female-en-5
synthetic_bisaya_audio\synthetic_1272.wav,si lolo daddy ben adunay sekretong lab,male-en-2
synthetic_bisaya_audio\synthetic_1273.wav,miserable kami,male-en-2
synthetic_bisaya_audio\synthetic_1274.wav,tungod kay sipsip ka! gitagoan nimo ang imong ngabil bahin niini sukad nga gidakop si lolo,male-en-2
synthetic_bisaya_audio\synthetic_1275.wav,gipiyansa niya ang tanan! gipiyansa niya si mama sa bata pa siya! siya -- mipiyansa siya sa gamay nga planeta! ug kung wala gyud nako kini giklaro kanimo,male-en-2
synthetic_bisaya_audio\synthetic_1276.wav,husto ka!,male-en-2
synthetic_bisaya_audio\synthetic_1277.wav,unsa?! dili,male-en-2
synthetic_bisaya_audio\synthetic_1278.wav,sa adlaw nga nagsugod ug natapos ang tanan. ang higayon nga nagbag-o sa tanan.,male-en-2
synthetic_bisaya_audio\synthetic_1280.wav,ako. kaniadto nagsul-ob ako og asul nga pantalon.,female-en-5
synthetic_bisaya_audio\synthetic_1281.wav,kanus-a ka nilukso sa interdimensional nga pagbiyahe?,male-en-2
synthetic_bisaya_audio\synthetic_1282.wav,wala ko. akong gibuhat.,female-en-5
synthetic_bisaya_audio\synthetic_1283.wav,fine,female-en-5
synthetic_bisaya_audio\synthetic_1285.wav,wala pa ko kabalo. buhaton ko kini sa akong paglakaw. mao kana ang gibuhat ni lolo daddy ben. mao kana ang gibuhat sa mga bayani.,female-en-5
synthetic_bisaya_audio\synthetic_1287.wav,unsa ni nga lugar? ug unsay naa sahunger games summer?,male-en-2
synthetic_bisaya_audio\synthetic_1292.wav,kana,female-en-5
synthetic_bisaya_audio\synthetic_1293.wav,maayong roasted cronenberg,male-en-2
synthetic_bisaya_audio\synthetic_1299.wav,ting-init.,female-en-5
synthetic_bisaya_audio\synthetic_1302.wav,boo-nah?,male-en-2
synthetic_bisaya_audio\synthetic_1309.wav,oo! salamat,male-en-2
synthetic_bisaya_audio\synthetic_1310.wav,nganong dili man?,female-en-5
synthetic_bisaya_audio\synthetic_1313.wav,tinuod,female-en-5
synthetic_bisaya_audio\synthetic_1314.wav,kini usa ka lit-ag! abort! naa pa ko sa iyang shoney's! balika -- wala gyud namo gibiyaan ang iyang shoney's!,female-en-5
synthetic_bisaya_audio\synthetic_1315.wav,misyon nahuman,male-en-2
synthetic_bisaya_audio\synthetic_1322.wav,sa unsang paagi kini usa ka patas nga pagsulay? o-ang among abogado usa ka ben.,male-en-2
synthetic_bisaya_audio\synthetic_1325.wav,i say fuck you! ang akong lolo mao ang akong bayani. gipatay nimo siya tungod kay nagselos ka kaniya. klaro kaayo kana sa mga pagputol sa buhok. busa buhata ang gusto nimo kanako,male-en-2
synthetic_bisaya_audio\synthetic_1327.wav,unsa? n-dili,male-en-2
synthetic_bisaya_audio\synthetic_1329.wav,lolo daddy ben!,male-en-2
synthetic_bisaya_audio\synthetic_1332.wav,daddy ben!,female-en-5
synthetic_bisaya_audio\synthetic_1333.wav,tama na,female-en-5
synthetic_bisaya_audio\synthetic_1335.wav,nanga-bluff kana. nag-bluff siya,male-en-2
synthetic_bisaya_audio\synthetic_1336.wav,ikaw usa ka bastos nga daddy ben -- dili makatarunganon,male-en-2
synthetic_bisaya_audio\synthetic_1339.wav,nganong dili man siya pusilon?,male-en-2
synthetic_bisaya_audio\synthetic_1340.wav,20 yarda,male-en-2
synthetic_bisaya_audio\synthetic_1341.wav,o buhii siya,female-en-5
synthetic_bisaya_audio\synthetic_1343.wav,tungod kay kini usa ka insentibo alang kanimo sa paghatag kanako sa akong labing limpyo nga shot,male-en-2
synthetic_bisaya_audio\synthetic_1344.wav,gidumtan ko ikaw!,male-en-2
synthetic_bisaya_audio\synthetic_1347.wav,dili ko nimo pasagdan nga mamatay akong igsoon! ihulog ang pusil!,female-en-5
synthetic_bisaya_audio\synthetic_1348.wav,dili ko siya pasagdan nga mamatay,female-en-5
synthetic_bisaya_audio\synthetic_1349.wav,ha!,male-en-2
synthetic_bisaya_audio\synthetic_1350.wav,aw.,female-en-5
synthetic_bisaya_audio\synthetic_1353.wav,seryuso ka nga tanga,male-en-2
synthetic_bisaya_audio\synthetic_1354.wav,kinsa ang tanga karon,female-en-5
synthetic_bisaya_audio\synthetic_1355.wav,katingad-an kana,female-en-5
synthetic_bisaya_audio\synthetic_1356.wav,maayong trabaho,female-en-5
synthetic_bisaya_audio\synthetic_1360.wav,dili ba pwede nga mag portal na lang ta sa balay?,male-en-2
synthetic_bisaya_audio\synthetic_1362.wav,empleyado sa bulan,female-en-5
synthetic_bisaya_audio\synthetic_1364.wav,imo bang ibutang ang tanan nilang nukes nga target sa usag usa?,male-en-2
synthetic_bisaya_audio\synthetic_1365.wav,maayong mga pitches,female-en-5
synthetic_bisaya_audio\synthetic_1369.wav,ang usag usa lang,male-en-2
synthetic_bisaya_audio\synthetic_1370.wav,tag-ana kinsa ang nagbungkag sa gobyerno?,male-en-2
synthetic_bisaya_audio\synthetic_1372.wav,dili gyud ko,female-en-5
synthetic_bisaya_audio\synthetic_1373.wav,tama ko. iyang gituyo ang iyang kaugalingon. kabahin kadto sa iyang plano!,female-en-5
synthetic_bisaya_audio\synthetic_1375.wav,morag nagkinahanglan mog pribasiya. ako,female-en-5
synthetic_bisaya_audio\synthetic_1377.wav,jerry mogugol ug pipila ka panahon nga magdiborsyo.,female-en-5
synthetic_bisaya_audio\synthetic_1378.wav,para sa tanan.,male-en-2
synthetic_bisaya_audio\synthetic_1379.wav,mas maayo nga atimanon ko si jerry sa dili pa siya magbag-o sa iyang hunahuna ug dili mogawas. ibilin ko ninyong duha sa inyong mga panimpalad.,male-en-2
synthetic_bisaya_audio\synthetic_1381.wav,dili kaayo paspas,male-en-2
synthetic_bisaya_audio\synthetic_1382.wav,mihulga siya nga itugyan ko sa gobyerno,female-en-5
synthetic_bisaya_audio\synthetic_1383.wav,gipuli nako silang duha isip de facto patriarch sa imong pamilya ug sa imong uniberso. dili unta ko dawaton sa imong mama kon mouli ko -,female-en-5
synthetic_bisaya_audio\synthetic_1387.wav,unsay imong gihisgutan?,female-en-5
synthetic_bisaya_audio\synthetic_1390.wav,mcnuggets?,female-en-5
synthetic_bisaya_audio\synthetic_1392.wav,kung gikinahanglan ang siyam ka mga panahon,male-en-2
synthetic_bisaya_audio\synthetic_1393.wav,unsay imong gihisgutan,female-en-5
synthetic_bisaya_audio\synthetic_1394.wav,mao kana ang modala kanato hangtod sa katapusan,male-en-2
synthetic_bisaya_audio\synthetic_1396.wav,season -- siyam pa ka season,male-en-2
synthetic_bisaya_audio\synthetic_1397.wav,unsa kana?!,male-en-2
synthetic_bisaya_audio\synthetic_1399.wav,gusto ko kanang sarsa sa mcnugget,female-en-5
synthetic_bisaya_audio\synthetic_1400.wav,ako si phoenixperson.,female-en-5
synthetic_bisaya_audio\synthetic_1404.wav,sa akong lingkuranan sa trabaho,male-en-2
synthetic_bisaya_audio\synthetic_1408.wav,ug? unsa pa ang gusto nimo nga ipunting niini? gibuhat nako ang akong kaugalingon nga usa ka adobo,male-en-2
synthetic_bisaya_audio\synthetic_1409.wav,mao ba?,female-en-5
synthetic_bisaya_audio\synthetic_1412.wav,dili ko magbuhat og magic,female-en-5
synthetic_bisaya_audio\synthetic_1416.wav,diri,male-en-2
synthetic_bisaya_audio\synthetic_1417.wav,unsa?! ngano man ka -- tan-awa,male-en-2
synthetic_bisaya_audio\synthetic_1424.wav,igo na. mga bata,female-en-5
synthetic_bisaya_audio\synthetic_1425.wav,w-unsay imong gibuhat diha,male-en-2
synthetic_bisaya_audio\synthetic_1426.wav,dili makiglalis niana.,male-en-2
synthetic_bisaya_audio\synthetic_1427.wav,great. magkita ta unya.,male-en-2
synthetic_bisaya_audio\synthetic_1428.wav,whoa! oh! whoa,male-en-2
synthetic_bisaya_audio\synthetic_1429.wav,so init. ingon ani ko mamatay.,female-en-5
synthetic_bisaya_audio\synthetic_1431.wav,dali na. mao na.,male-en-2
synthetic_bisaya_audio\synthetic_1432.wav,ari kuhaa kining lamiang brine.,female-en-5
synthetic_bisaya_audio\synthetic_1433.wav,aah! dali! dali,male-en-2
synthetic_bisaya_audio\synthetic_1439.wav,kamiwala pa nakakaon ug tae.,female-en-5
synthetic_bisaya_audio\synthetic_1441.wav,giingnan ko nga naa bay lolo nga moapil namo?,female-en-5
synthetic_bisaya_audio\synthetic_1443.wav,gihimo niya ang iyang kaugalingon nga adobo.,female-en-5
synthetic_bisaya_audio\synthetic_1444.wav,gihimo ba ni lolo ang iyang kaugalingon nga usa ka adobo?,female-en-5
synthetic_bisaya_audio\synthetic_1447.wav,wow. ug.,male-en-2
synthetic_bisaya_audio\synthetic_1450.wav,magbuhat ta og eksperimento dinhi. nakuha nako ang impresyon nga kini nga pamilya nagpabili sa siyensya. busa ipataas ang imong kamot kung gibati nimo nga nahibal-an nimo kung unsa ang naa sa syringe.,male-en-2
synthetic_bisaya_audio\synthetic_1451.wav,wala ba gyud nimo makita kung unsa ang nahitabo dinhi?,male-en-2
synthetic_bisaya_audio\synthetic_1452.wav,sultihi ko.,female-en-5
synthetic_bisaya_audio\synthetic_1454.wav,fuck both of you,female-en-5
synthetic_bisaya_audio\synthetic_1455.wav,by the way,female-en-5
synthetic_bisaya_audio\synthetic_1456.wav,god damn it,female-en-5
synthetic_bisaya_audio\synthetic_1457.wav,pickle riiick!,female-en-5
synthetic_bisaya_audio\synthetic_1458.wav,kuhaa kanang parkour. kuhaa kana nga parkour!,female-en-5
synthetic_bisaya_audio\synthetic_1460.wav,unsa kini?,male-en-2
synthetic_bisaya_audio\synthetic_1462.wav,kami adunay 34 ka armadong guwardiya,male-en-2
synthetic_bisaya_audio\synthetic_1464.wav,ang imong presensya sa kini nga bilding nakalapas sa internasyonal nga balaod.,male-en-2
synthetic_bisaya_audio\synthetic_1466.wav,ug giunsa kana?,female-en-5
synthetic_bisaya_audio\synthetic_1467.wav,wala ko nila buhii.,male-en-2
synthetic_bisaya_audio\synthetic_1468.wav,itak-op ang imong baba ug buhata ang imong mga trabaho,female-en-5
synthetic_bisaya_audio\synthetic_1469.wav,pipila sa akong mga tawo ang nagtawag nimo ogsolen'ya,female-en-5
synthetic_bisaya_audio\synthetic_1471.wav,ah.,female-en-5
synthetic_bisaya_audio\synthetic_1473.wav,adobo lang siya!,female-en-5
synthetic_bisaya_audio\synthetic_1474.wav,dili lang siya.,female-en-5
synthetic_bisaya_audio\synthetic_1476.wav,unsa sa imong hunahuna ang naa sa syringe,male-en-2
synthetic_bisaya_audio\synthetic_1477.wav,ikaw ang nagkantidad ug $200 kada oras. sultihan ko nimo.,male-en-2
synthetic_bisaya_audio\synthetic_1480.wav,wala gyud ko niingon nga nasuko ko nimo.,female-en-5
synthetic_bisaya_audio\synthetic_1481.wav,kana ang punto sa pottery-enamel huffing,male-en-2
synthetic_bisaya_audio\synthetic_1482.wav,dili nako trabaho ang modapig o mohukom. sa imong hunahuna kung gipangayo sa imong amahan kana nga syringe,male-en-2
synthetic_bisaya_audio\synthetic_1484.wav,gidayeg nimo siya tungod niana.,female-en-5
synthetic_bisaya_audio\synthetic_1487.wav,wala na koy buhaton nga makita siya pag-usab.,male-en-2
synthetic_bisaya_audio\synthetic_1488.wav,mao kana ang imong pagkapukan,female-en-5
synthetic_bisaya_audio\synthetic_1489.wav,jaguar wala makahimo niini.,female-en-5
synthetic_bisaya_audio\synthetic_1490.wav,buhata kini. okay,male-en-2
synthetic_bisaya_audio\synthetic_1491.wav,pickle man,male-en-2
synthetic_bisaya_audio\synthetic_1493.wav,kuhaa kanang kwartaha,female-en-5
synthetic_bisaya_audio\synthetic_1495.wav,si jaguar usa ka mananap. ikaw usa ka intelihenteng adobo. makahimo mig negosyo.,female-en-5
synthetic_bisaya_audio\synthetic_1498.wav,sultihi sila nga kami gitulis.,male-en-2
synthetic_bisaya_audio\synthetic_1503.wav,good job. ben,male-en-2
synthetic_bisaya_audio\synthetic_1508.wav,mm-hmm.,female-en-5
synthetic_bisaya_audio\synthetic_1512.wav,pinaagi sa pagbag-o kanimo gikan sa usa ka adobo ngadto sa usa ka tawo.,female-en-5
synthetic_bisaya_audio\synthetic_1517.wav,ako,female-en-5
synthetic_bisaya_audio\synthetic_1521.wav,sweetie,male-en-2
